發文ID,,文章ID,發文時間,更新時間,樓層,留言內容,按讚數,withNickname,是否被作者隱藏,meta,是否為發文者,性別,學校,reportReason,mediaMeta,currentMember,是否隱藏,inReview,reportReasonText,isSuspiciousAccount,isModerator,doorplate,subCommentCount,enablePrivateMessage,edited,postAvatar,activityAvatar,verifiedBadge,memberType,個人主頁
9f4b97c9-b261-4c13-86a1-a144ad2a913a,True,238378704,2022-03-17T09:09:18.409Z,2022-03-17T09:09:28.546Z,1,沒記錯的話，這學期從開學上到現在，他好像還沒有點過名？,0.0,False,False,{},False,F,中原大學,,[],False,False,False,,False,False,1,4.0,False,False,,,False,,
3a2a2135-16d5-415f-9467-051d685de3a1,True,238378704,2022-03-17T09:30:51.076Z,2022-03-17T09:30:51.076Z,2,上學期修過都是下課前老師一個一個點名，一整個學期好像只點過兩三次,2.0,False,False,{},False,F,中原大學,,[],False,False,False,,False,False,2,2.0,,False,,,False,,
e74802aa-8e1e-47ad-8346-58d0a03f5be0,True,238378704,2022-03-17T09:53:14.788Z,2022-03-17T09:53:14.788Z,3,上學期修都是下課前點喔！,0.0,False,False,{},False,F,中原大學,,[],False,False,False,,False,False,3,0.0,,False,,,False,,
573e9381-036e-44ab-9ab0-52e7f0487258,True,238378704,2022-03-17T10:35:11.233Z,2022-03-17T10:35:11.233Z,4,你有事情想補的話可以去找他拜託，可以上別的時段的課程,0.0,False,False,{},False,M,中原大學,,[],False,False,False,,False,False,4,0.0,,False,,,False,,
6dd8a121-5a5d-487a-b1c2-c74c05cb33fd,True,238378704,2022-03-17T10:41:58.066Z,2022-03-17T10:41:58.066Z,5,"他連開三堂你可以挑一堂上，記得加他臉書好友^_^不知道他會不會回你哈哈哈
老師超棒，不久前的貼文讓我痛哭流涕啊🥺",5.0,False,False,{},False,M,中原大學,,[],False,False,False,,False,False,5,1.0,,False,,,False,,
c070debc-233a-480e-8ec4-e5a1ef4db265,True,238378704,2022-03-17T11:42:16.840Z,2022-03-17T11:42:16.840Z,6,我是第一節課的，老師今天下課有點名！,0.0,False,False,{},False,M,中原大學,,[],False,False,False,,False,False,6,1.0,,False,,,False,,
bf55bd57-3096-43f4-ae91-6038490b975f,True,238378704,2022-03-17T11:50:50.910Z,2022-03-17T11:50:50.910Z,7,愛慘,1.0,False,False,{},False,F,中原大學,,[],False,False,False,,False,False,7,0.0,,False,,,False,,
8ac5027c-056d-4615-9fcf-dd2de587f22b,True,238378704,2022-03-17T11:56:18.723Z,2022-03-17T11:56:28.800Z,8,今天第一次點名！下課前點的,0.0,False,False,{},False,F,中原大學,,[],False,False,False,,False,False,8,0.0,False,False,,,False,,
942f2e49-22b9-408d-9157-167f22409aef,True,238375638,2022-03-17T03:05:42.232Z,2022-03-17T03:06:10.997Z,1,,,False,True,{},False,,,,[],False,True,False,,False,False,1,0.0,False,False,,,False,,
63fde484-0095-42a4-8938-5fc430555bdb,True,238375638,2022-03-17T05:54:12.440Z,2022-03-17T05:54:12.440Z,2,"當天上課已經變成宗教的東西了～
https://i.imgur.com/qu7JxHr.jpg
https://i.imgur.com/EN6Hztm.jpg
話說我完全忘記今天要去校史室了啊啊🥲同學大感謝你欸",1.0,False,False,{},False,M,中原大學,,"[{'id': 'ef1bfde5-409b-47a0-b967-5381df3ca87f', 'url': 'https://i.imgur.com/qu7JxHrl.jpg', 'normalizedUrl': 'https://i.imgur.com/qu7JxHrl.jpg', 'thumbnail': 'https://i.imgur.com/qu7JxHrl.jpg', 'type': 'image/thumbnail', 'tags': [], 'createdAt': '2022-03-17T05:54:12.440Z', 'updatedAt': '2022-03-17T05:54:12.440Z', 'width': 1125, 'height': 2000}, {'id': 'ef1bfde5-409b-47a0-b967-5381df3ca87f', 'url': 'https://i.imgur.com/qu7JxHr.jpg', 'normalizedUrl': 'https://imgur.com/qu7JxHr', 'thumbnail': 'https://i.imgur.com/qu7JxHrl.jpg', 'type': 'image/imgur', 'tags': [], 'createdAt': '2022-03-17T05:54:12.440Z', 'updatedAt': '2022-03-17T05:54:12.440Z', 'width': 1125, 'height': 2000}, {'id': 'ac20ed65-d09b-4388-ac59-79ae173d93ef', 'url': 'https://i.imgur.com/EN6Hztm.jpg', 'normalizedUrl': 'https://imgur.com/EN6Hztm', 'thumbnail': 'https://i.imgur.com/EN6Hztml.jpg', 'type': 'image/imgur', 'tags': [], 'createdAt': '2022-03-17T05:54:12.440Z', 'updatedAt': '2022-03-17T05:54:12.440Z', 'width': 2000, 'height': 1500}]",False,False,False,,False,False,2,5.0,,False,,,False,,
34622e2f-2c77-47a5-a0aa-3b3a7bf00a09,True,238368569,2022-03-16T06:31:07.333Z,2022-03-16T06:31:07.333Z,1,B0 我有這本物理，請問多少收,0.0,False,False,{},False,M,中原大學,,[],False,False,False,,False,False,1,5.0,,False,,,False,,
a3e5249a-62f5-480c-8aa9-0b968a1db2e0,True,235911355,2021-05-04T15:30:43.357Z,2021-05-04T15:30:43.357Z,1,通常都開得成，但暑修有限制要修過或者要修低年級必修才能暑修,0.0,False,False,{},False,F,中原大學,,[],False,False,False,,False,False,1,,,False,,,False,,
f4c44231-3f3f-4c58-9756-5f891340b3dc,False,235911355,2021-05-04T16:10:01.474Z,2021-05-04T16:10:01.474Z,2,"B1 謝謝你 因為目前我看登記的只有1跟2... 
所以才上來問",0.0,False,False,{},True,M,中原大學,,[],False,False,False,,False,False,2,,,False,,,False,,國際經營與貿易學系
fea5810d-b0e9-48ee-a25a-db6abefa8fa5,True,235911355,2021-05-06T01:44:57.453Z,2021-05-06T01:46:28.521Z,3,"實英3我看了兩次暑修都沒有哦還是等正式學期吧！
不過英文一二，實英一二還有英聽一二沒什麼大問題都會有
至於能不能修，有聽說學校不會擋初修的英文課還有通識課，系上的課如果要修可能就要寫學生報告書看系上同不同意你修了
By同樣是轉學生的可憐人",2.0,False,False,{},False,F,中原大學,,[],False,False,False,,False,False,3,,,False,,,False,,
f6f6e892-033f-4999-8db6-d3122de1b726,True,235911355,2021-06-08T05:37:13.324Z,2021-06-10T09:08:48.573Z,4,,,False,True,{},False,,,,[],False,True,False,,False,False,4,,,False,,,False,,
a18b84a1-a2a7-411e-adac-0c32dbf64a16,True,235907005,2021-05-04T01:40:22.073Z,2021-05-04T01:40:22.073Z,1,物類心得已經可以交囉！！,0.0,False,False,{},False,M,中原大學,,[],False,False,False,,False,False,1,,,False,,,False,,
69ab20b4-a5d1-4627-b456-7fb588427676,True,235907005,2021-05-04T01:46:49.635Z,2021-05-04T01:46:49.635Z,2,我今天要去交哈哈哈,0.0,False,False,{},False,F,中原大學,,[],False,False,False,,False,False,2,,,False,,,False,,
692e7332-4345-4226-a44a-d2711f12ed99,True,235907005,2021-05-04T01:53:39.149Z,2021-05-04T01:53:39.149Z,3,好呦～,0.0,False,False,{},False,M,中原大學,,[],False,False,False,,False,False,3,,,False,,,False,,
1d3121d8-0fff-4c80-bb60-67e73363cdb4,True,235907005,2021-05-04T12:18:51.905Z,2021-05-04T12:18:51.905Z,4,請問講座的心得什麼時候要交,0.0,False,False,{},False,M,中原大學,,[],False,False,False,,False,False,4,,,False,,,False,,
84778fa9-691c-4c2c-94ed-1c5bd325e7c5,True,235903995,2021-05-03T13:16:00.347Z,2021-05-03T13:16:00.347Z,1,瓜髒,0.0,False,False,{},False,F,中原大學,,[],False,False,False,,False,False,1,,,False,,,False,,
13373c7a-8ec9-4c6a-bbec-37eb70ad2535,True,235903995,2021-05-03T13:18:02.590Z,2021-05-03T13:18:02.590Z,2,唉噁,0.0,False,False,{},False,M,中原大學,,[],False,False,False,,False,False,2,,,False,,,False,,
4a849399-73d8-459f-b310-29cf0b24c570,True,235903995,2021-05-03T13:26:26.247Z,2021-05-03T13:26:51.004Z,3,久等了https://i.imgur.com/gmkPWFl.jpg,3.0,False,False,{},False,M,中原大學,,"[{'id': '0f4dbaee-f99b-4860-9a3f-247980b703f7', 'url': 'https://i.imgur.com/gmkPWFll.jpg', 'normalizedUrl': 'https://i.imgur.com/gmkPWFll.jpg', 'thumbnail': 'https://i.imgur.com/gmkPWFll.jpg', 'type': 'image/thumbnail', 'tags': ['ANNOTATED'], 'createdAt': '2021-05-03T13:26:26.247Z', 'updatedAt': '2021-05-03T13:26:51.004Z', 'width': 628, 'height': 840, 'croppingWindow': {'anchorX': 0, 'anchorY': 125, 'width': 628, 'height': 376}}, {'id': '0f4dbaee-f99b-4860-9a3f-247980b703f7', 'url': 'https://i.imgur.com/gmkPWFl.jpg', 'normalizedUrl': 'https://imgur.com/gmkPWFl', 'thumbnail': 'https://i.imgur.com/gmkPWFll.jpg', 'type': 'image/imgur', 'tags': ['ANNOTATED'], 'createdAt': '2021-05-03T13:26:26.247Z', 'updatedAt': '2021-05-03T13:26:51.004Z', 'width': 628, 'height': 840, 'croppingWindow': {'anchorX': 0, 'anchorY': 125, 'width': 628, 'height': 376}}]",False,False,False,,False,False,3,,,False,,,False,,
2ef079bb-e33e-4a0d-8406-6f78c0e6dfd3,True,235903995,2021-05-03T14:27:33.689Z,2021-05-03T14:27:33.689Z,4,直接錄影,0.0,False,False,{},False,M,中原大學,,[],False,False,False,,False,False,4,,,False,,,False,,
790e840d-94fb-491d-9d0d-9573e2b03316,True,235903995,2021-05-03T17:20:25.113Z,2021-05-03T17:20:25.113Z,5,我也被他的性別刻板印象弄到超火==,3.0,False,False,{},False,F,中原大學,,[],False,False,False,,False,False,5,,,False,,,False,,
86bbeb42-31ce-4d24-86d3-edeeea73328e,True,235903995,2021-05-03T17:36:08.067Z,2021-05-03T17:36:08.067Z,6,是那個說男生應該走樓梯的那位嗎,1.0,False,False,{},False,M,中原大學,,[],False,False,False,,False,False,6,,,False,,,False,,
1b651906-1d9e-4b9f-9888-6b5c782e745c,True,235903995,2021-05-03T17:37:49.747Z,2021-05-03T17:38:27.150Z,7,"女生很聰明，男生比較有力氣，所以男生要走在女生前面。
還有每個禮拜都問誰走樓梯上來的舉手",2.0,False,False,{},False,F,中原大學,,[],False,False,False,,False,False,7,,,False,,,False,,
3ba6adcd-b723-472c-959b-d907cb8dbe23,True,235903995,2021-05-03T17:50:32.560Z,2021-05-03T17:50:32.560Z,8,"原來不止我一個人覺得他性別刻板印象很嚴重啊....我還想說是不是我多慮了:)
他的課我上的很痛苦 女生該怎樣 男生該怎樣 然後性該怎麼(性的部分我確定有，但我忘記講了什麼) 總而言之就是會讓我不舒服的老師",6.0,False,False,{},False,F,中原大學,,[],False,False,False,,False,False,8,,,False,,,False,,
cf015eea-fa8e-47a6-a6f5-7007059f82a3,True,235903995,2021-05-03T18:11:56.740Z,2021-05-03T18:11:56.740Z,9,去向校方檢舉吧 根本就不適任教師一個,1.0,False,False,{},False,M,臺北市立大學,,[],False,False,False,,False,False,9,,,False,,,False,,
9a999281-f150-47fa-a0b2-c7133f4b2a1d,True,235903995,2021-05-03T18:52:02.264Z,2021-05-03T18:52:02.264Z,10,"檢舉吧，可以向校方投訴的
由其現在疫情其情，打去那邊也可以",1.0,False,False,{},False,M,中原大學,,[],False,False,False,,False,False,10,,,False,,,False,,
6fa54188-d36d-472d-b541-0ae501cfe683,True,235903995,2021-05-04T08:10:20.625Z,2021-05-04T08:10:20.625Z,11,還是高哥好,0.0,False,False,{},False,F,中原大學,,[],False,False,False,,False,False,11,,,False,,,False,,
e66a8ee5-f181-4d34-a3da-30b497ea7778,True,235903995,2021-05-04T11:43:58.654Z,2021-05-04T11:43:58.654Z,12,"這老師真的是瞎到爆
他的報告千萬不可以寫基督教不好，一定要寫基督教好棒棒，不然分數會很低😂",0.0,False,False,{},False,F,中原大學,,[],False,False,False,,False,False,12,,,False,,,False,,
19dbe1d7-139a-417f-9cb7-2ce71e2571e7,True,235903995,2021-05-04T12:55:35.149Z,2021-05-04T12:55:35.149Z,13,乾真的ㄟ 我跟你同一堂課 我上課一聽到老師這樣說 直接傻眼⋯他可能是武漢來的ㄅ,1.0,False,False,{},False,F,中原大學,,[],False,False,False,,False,False,13,,,False,,,False,,
87615308-91f2-4399-9e10-d4db5dfdff70,True,235903995,2021-05-04T12:59:10.993Z,2021-05-04T12:59:10.993Z,14,你搜尋 「中原大學申訴」然後可以寫申訴 很快就會有人回覆你email了,1.0,False,False,{},False,F,中原大學,,[],False,False,False,,False,False,14,,,False,,,False,,
6a1cd9bc-cfc6-4099-bab3-4a98313d61e3,True,235903995,2021-05-04T14:29:07.457Z,2021-05-04T14:29:07.457Z,15,"B12 
這不太對欸😂
我上次直接說我是無神論者
完蛋:)",1.0,False,False,{},False,F,中原大學,,[],False,False,False,,False,False,15,,,False,,,False,,
3af77d5e-2ba4-49b8-8278-228566b3df5d,True,235903995,2021-05-04T15:37:23.056Z,2021-05-04T15:37:23.056Z,16,"B15 
完蛋了🥲",0.0,False,False,{},False,F,中原大學,,[],False,False,False,,False,False,16,,,False,,,False,,
3b66886a-2e24-4564-8424-f0206012a303,True,235903995,2021-05-04T16:12:22.078Z,2021-05-04T16:12:22.078Z,17,基督教學校遇到事情就只會禱告啊 有夠散漫,0.0,False,False,{},False,M,中原大學,,[],False,False,False,,False,False,17,,,False,,,False,,
23cd198a-142d-4463-9d2f-d86cf4decf2d,True,235903995,2021-05-04T16:55:54.547Z,2021-05-04T16:57:13.172Z,18,"撇除他的言論不說，認真覺得如果老師上課如果要一直戴著口罩講話，真的是會缺氧的，所以我覺得如果班上同學都戴口罩而且老師距離台下有一定的距離我覺得可以接受啦。前提是要保持距離，但他沒有，bad。

然後關於他的言論，充滿性別刻板印象，永遠都只說基督教的好，其他都是怪力亂神。整天15歲立志不讀書又整天要爬樓梯。我上學期上了幾堂課後我都翹掉了，只有報告跟考試出現：）
考試就是寫爆基督教的好就沒事了！",2.0,False,False,{},False,M,中原大學,,[],False,False,False,,False,False,18,,,False,,,False,,
45f7daf6-4852-4cd8-b9ab-0d8c13c6ba66,True,235903995,2021-05-04T17:28:07.981Z,2021-05-04T17:28:07.981Z,19,"B0 關於沒帶口罩部分與刻板印象都可以詢問教務處

若刻板印象詢問諮商中心
口罩問題也可問校安中心",1.0,False,False,{},False,M,中原大學,,[],False,False,False,,False,False,19,,,False,,,False,,
b05102aa-162c-44d8-826d-e3ad1420946c,True,235900453,2021-05-03T03:58:24.896Z,2021-05-03T03:58:24.896Z,1,怎麼沒有英語檢定技巧,0.0,False,False,{},False,M,中原大學,,[],False,False,False,,False,False,1,,,False,,,False,,
eb4cde67-5eae-46ee-8d8a-6703e69de0b5,True,235900453,2021-05-03T03:59:18.056Z,2021-05-03T03:59:18.056Z,2,"B1 趕緊寄信問語言中心
表達要開課的決心
請語言中心趕緊補上去！",0.0,False,False,{},True,F,中原大學,,[],False,False,False,,False,False,2,,,False,,,False,,
7227fbf4-dd9a-4140-870f-c0b7b8e17d75,True,235900453,2021-05-03T03:59:33.297Z,2021-05-03T03:59:33.297Z,3,普化怎麼沒分一二了,0.0,False,False,{},False,M,中原大學,,[],False,False,False,,False,False,3,,,False,,,False,,
b6a35263-98dc-460b-9413-40c17c9d5b2b,True,235900453,2021-05-03T05:30:17.926Z,2021-05-03T05:30:17.926Z,4,請問去哪裡看,0.0,False,False,{},False,M,中原大學,,[],False,False,False,,False,False,4,,,False,,,False,,
72a496b7-9c17-446b-b3bb-8080c0e676fd,True,235900453,2021-05-03T12:57:22.875Z,2021-05-03T12:57:22.875Z,5,暑假付錢去上，開學之後學分錢會變少嗎？,0.0,False,False,{},False,F,中原大學,,[],False,False,False,,False,False,5,,,False,,,False,,
41ec988f-d0bb-4442-992d-4f5a9f0c28a4,True,235900453,2021-05-03T13:12:02.719Z,2021-05-03T13:12:02.719Z,6,B5 不會,1.0,False,False,{},False,M,中原大學,,[],False,False,False,,False,False,6,,,False,,,False,,
833c079d-7414-4511-a5cb-d1366027e165,False,235900453,2021-05-03T13:28:37.610Z,2021-05-03T13:28:37.610Z,7,有人要登記程控嗎，拜託幫幫忙,0.0,False,False,{},False,M,中原大學,,[],False,False,False,,False,False,7,,,False,,,False,,化學工程學系
4022d805-bc2a-4965-9468-6e44eef52150,False,235900453,2021-05-04T05:28:15.926Z,2021-05-04T05:29:27.171Z,8,"B7 你該擔心的是人太多選不上暑修
去年就是這樣
兩百多個登記
最後只有120個修課",0.0,False,False,{},False,M,中原大學,,[],False,False,False,,False,False,8,,,False,,,False,,化學工程學系
0bd4ebee-041b-4c61-83a0-09c01ddfad99,False,235900453,2021-05-04T07:46:22.914Z,2021-05-04T07:46:22.914Z,9,b8 有這回事？我怕...,0.0,False,False,{},False,M,中原大學,,[],False,False,False,,False,False,9,,,False,,,False,,化學工程學系
a8c13cf2-5ff8-4ae9-a74d-9567a2d95183,True,233937176,2020-06-24T11:51:32.906Z,2020-06-24T11:51:32.906Z,1,他考前都會說明考題的題型喔,8.0,False,False,{},False,F,中原大學,,[],False,False,False,,False,False,1,,,False,,,False,,
4255406f-d6cf-4881-9617-789c018c9782,True,233937176,2020-06-24T12:05:32.739Z,2020-06-24T12:05:32.739Z,2,"人家老師很好是沒錯，他的課也很佛
但是老師不是都會提早講期中期末的考試內容嗎
而且考前都會技術性的洩題
後面手寫的部分都是之前上課小考考卷的內容欸
不是有讀就會知道答案嗎？",34.0,False,False,{},False,M,中原大學,,[],False,False,False,,False,False,2,,,False,,,False,,
1ba578f6-0f57-41a3-b669-8b5ceda97196,True,233937176,2020-06-24T12:20:47.789Z,2020-06-24T12:20:47.789Z,3,真的很想問你有沒有認真上課餒呵呵呵呵,20.0,False,False,{},False,F,中原大學,,[],False,False,False,,False,False,3,,,False,,,False,,
545cb675-e2db-46b0-b3fa-1ce9c4f13ba9,True,233937176,2020-06-24T12:22:34.397Z,2020-06-24T12:22:34.397Z,4,"雖然後面手寫我也有幾個不會
但是憑良心講，簡老師真的很佛
考試也不會為難大家
推一個😂",9.0,False,False,{},False,M,中原大學,,[],False,False,False,,False,False,4,,,False,,,False,,
533a9fa0-dee5-4d5e-950b-b25dea17c141,True,233937176,2020-06-24T12:24:25.624Z,2020-06-24T12:24:25.624Z,5,雖然我就是那個平常一直嘴砲英聽考試很賭爛 那樣根本跟考英文沒兩樣的人 但是老實說就是不想背單字的藉口 考前整理的那張單字我覺得對前面聽力的部分很有用 而且後面填空跟平時考一模一樣 我是懶得背直接放掉 但是相信有認真的人不會考太差：）,2.0,False,False,{},False,F,中原大學,,[],False,False,False,,False,False,5,,,False,,,False,,
4931d1c5-ce83-4334-b7a1-93fe3d645b0c,True,233937176,2020-06-24T12:27:09.721Z,2020-06-24T12:29:10.801Z,6,我上課也很認真聽 不是技巧性洩題與否的問題也不是她有沒有講她會這樣考 而是本質上就不應該出這樣的考卷吧,0.0,False,False,{},True,F,中原大學,,[],False,False,False,,False,False,6,,,False,,,False,,
0deeb7f5-c42b-4e4f-8cc1-4678aad2f510,True,233937176,2020-06-24T12:32:17.396Z,2020-06-24T12:33:05.293Z,7,"因為對某些人來說英聽真的不好
那些填空是希望讓英聽不好的
至少可以背小考考卷
拿到一些分數
反正本意是好的",5.0,False,False,{},False,M,中原大學,,[],False,False,False,,False,False,7,,,False,,,False,,
37a6b4dc-af29-4b68-91a2-39b73feb23f6,True,233937176,2020-06-24T12:32:24.882Z,2020-06-24T12:32:24.882Z,8,B6 那你去跟她說阿,0.0,False,False,{},False,F,中原大學,,[],False,False,False,,False,False,8,,,False,,,False,,
0f87ac4a-d403-49f3-a5b3-66687bf81f54,True,233937176,2020-06-24T12:38:14.366Z,2020-06-24T12:41:53.207Z,9,"想問樓上各位是這學期有考這次期末考的同學嗎www
我是覺得老師這次的技術性洩題有點小誤導大家了啦(笑
當然不否認老師超佛人超好考試也很好過(我超喜歡她❤️❤️❤️❤️❤️)👍👍👍👍👍，只是原po想強調的是英聽考試的本質吧wwww
還是我的理解有錯誤🤔🤔🤔
而且之前的考卷上是有選項給你選的吧？這次是完全手寫除了第一個字母就沒有其他提示囉
我自己是有認真上課啦，但我看到考卷還是傻眼啦哈哈，原來誤解老師意思就叫沒有認真上課喔🤔🤔
我小考都90up噢，也都讀的很認真🙂🙂🙂

當然老師是想給聽力不好的同學有機會可以拿分，我自己本身聽力也不太好，所以很感謝老師讓我有動腦就可以拿分的部分www但我覺得手寫不是該那麼強調的部分。
有手寫題給聽力不好的同學拿分的機會，是老師的溫柔。
但若是聽力認真想進步的同學，應該主要著重在聽力部份的訓練吧
不過如果你是得過且過混學分等畢業的那就另當別論囉:)

最後祝大家期末歐趴囉囉囉ʕ•ٹ•ʔ",6.0,False,False,{},False,F,中原大學,,[],False,False,False,,False,False,9,,,False,,,False,,
c46a0160-b060-4e8e-b6a2-abb064960933,True,233937176,2020-06-24T13:12:19.158Z,2020-06-24T13:12:19.158Z,10,B9 為什麼要在裡面打網址？全球資訊網？,1.0,False,False,{},False,F,中原大學,,[],False,False,False,,False,False,10,,,False,,,False,,
19b4b230-39a2-44c6-9f17-e46568c002c6,True,233937176,2020-06-24T13:17:28.112Z,2020-06-24T13:17:28.112Z,11,那張真的陷阱 練習手寫兩次直接讓我覺得應該都是從那張出 反正填空我是認了就那樣吧             但期末考考卷給同學改？？？,1.0,False,False,{},False,F,中原大學,,[],False,False,False,,False,False,11,,,False,,,False,,
abbdcd38-b7d6-402d-ab61-beb97756eab0,True,233937176,2020-06-24T13:17:57.249Z,2020-06-24T13:17:57.249Z,12,B9 這次的期末跟以往不一樣他考前就有說了喔甚至也說不會給單字要自己拼但那些單字都在之前考試的空格裡,1.0,False,False,{},False,F,中原大學,,[],False,False,False,,False,False,12,,,False,,,False,,
5dd97f1d-c5b7-497b-b941-b56ebc9c0cd7,False,233937176,2020-06-24T13:27:31.971Z,2020-06-24T13:27:31.971Z,13,,,False,True,{},False,,,,[],False,True,False,,False,False,13,,,False,,,False,,
f921bda2-8e47-426b-8e20-8f4fdc75ae4a,False,233937176,2020-06-24T13:29:09.666Z,2020-06-24T13:29:09.666Z,14,,,False,True,{},False,,,,[],False,True,False,,False,False,14,,,False,,,False,,
1b8305c2-a273-405b-8990-256dfd6bb4c8,True,233937176,2020-06-24T13:29:30.794Z,2020-06-24T13:29:30.794Z,15,"B10
不是全球資訊網啦哈哈哈你好幽默喔同學wwww
我很高興你特別回我，但我還是第一次碰到有人問我這個問題呢wwww我會在睡前好好思考的！

那你知道2333333是什麼意思嗎wwww",0.0,False,False,{},False,F,中原大學,,[],False,False,False,,False,False,15,,,False,,,False,,
8b9ee1a4-f912-46d6-9f02-8b8027df2c44,False,233937176,2020-06-24T13:42:10.729Z,2020-06-24T13:42:10.729Z,16,,,False,True,{},False,,,,[],False,True,False,,False,False,16,,,False,,,False,,
b643c4fa-ec99-4389-ac13-9fc8a440a936,True,233937176,2020-06-24T13:42:44.143Z,2020-06-24T13:42:44.143Z,17,"B12
我知道老師有說啦，所以才說是小誤導嘛
如同11樓同學所說，那那張寫兩次的單子又是出來幹嘛的呢
好啦，考完試我也認了我手寫有寫不出來的。
如果你要認為我是不認真聽講才沒聽到那部分，那我也沒辦法囉

還有啊，我前面不是說了嗎
強調的是英文聽力該考什麼而不是有沒有講單字會是手寫題或是從哪邊出來
考前提示是老師的溫柔。(畫線)
但，我想問你的是
英文聽力考試該考的是什麼？
這樣有加強到學生的聽力能力嗎？

在期末考鄰近之前還讓你思考無關緊要的問題真的很抱歉:)
祝你期末歐趴噢www(全球資訊網wwww",1.0,False,False,{},False,F,中原大學,,[],False,False,False,,False,False,17,,,False,,,False,,
c980487c-dcfd-45e0-bb67-ef3e2d6d7bf6,True,233937176,2020-06-24T13:56:54.397Z,2020-06-24T13:56:54.397Z,18,"B15 ？？啥意思
幹嘛突然開嘲諷🤣😅",2.0,False,False,{},False,F,中原大學,,[],False,False,False,,False,False,18,,,False,,,False,,
b7f546df-5747-4074-b25b-64dac73700a4,True,233937176,2020-06-24T13:57:02.556Z,2020-06-24T13:57:02.556Z,19,某樓大崩潰,0.0,False,False,{},False,F,中原大學,,[],False,False,False,,False,False,19,,,False,,,False,,
b59df41c-af58-4641-af43-fdf8143aee31,True,233937176,2020-06-24T13:59:13.060Z,2020-06-24T13:59:13.060Z,20,"B17 你把www丟谷歌就是全球資訊網，肥宅講話一大堆死宅用語真的沒什麼資格嘲笑別人看不懂，又不是大家家裡都開煉油廠
你用233是中國智障抖音妹嗎？",6.0,False,False,{},False,F,中原大學,,[],False,False,False,,False,False,20,,,False,,,False,,
1be2c623-d624-49b9-a619-4d23b79eaefc,True,233937176,2020-06-24T14:04:55.381Z,2020-06-24T14:04:55.381Z,21,自己爛在那邊吵 祝你被當,3.0,False,False,{},False,M,中原大學,,[],False,False,False,,False,False,21,,,False,,,False,,
bf5965d1-34aa-4f52-9045-a6e3d5e4e741,True,233937176,2020-06-24T14:05:58.945Z,2020-06-24T14:05:58.945Z,22,B17 我只是針對妳說「看到填空只有開頭而已感覺有點傻眼」去說明 而非認為你沒有認真上課 如果這樣造成你的誤解我很抱歉,0.0,False,False,{},False,F,中原大學,,[],False,False,False,,False,False,22,,,False,,,False,,
44784627-728e-4b19-9b42-5311706c309d,True,233937176,2020-06-24T14:06:10.143Z,2020-06-24T14:06:10.143Z,23,"B18
我沒開嘲諷QAQ
我真的沒被問過這個問題，也真的沒思考過這個問題。
期末考大家都壓力很大嘛
我只是想讓氣氛輕鬆一點(聳肩

也沒想過原來開個玩笑會被罵中國抖音智障妹(哈哈
礙於我是個智障只好麻煩你自己去查2333是什麼意思
我要去掃我碎滿地的玻璃心了(嗚嗚嗚",1.0,False,False,{},False,F,中原大學,,[],False,False,False,,False,False,23,,,False,,,False,,
856de1f2-2355-4efc-b566-3aca73b8b0c3,True,233937176,2020-06-24T14:07:58.563Z,2020-06-24T14:07:58.563Z,24,"B20 
是否發言有點過了？",5.0,False,False,{},True,F,中原大學,,[],False,False,False,,False,False,24,,,False,,,False,,
3aae8341-28c4-412e-be57-3b13f41e0637,True,233937176,2020-06-24T14:09:05.944Z,2020-06-24T14:09:05.944Z,25,"B22
哦哦哦好的！！
如果是單純針對那一點的話那我心服口服了
謝謝你特別提醒
我剛剛看了下我的用詞，似乎有點讓人不太舒服，也在這邊跟你道歉。",1.0,False,False,{},False,F,中原大學,,[],False,False,False,,False,False,25,,,False,,,False,,
9aaabc19-8f07-4aeb-926c-dc55fd1e5615,True,233937176,2020-06-24T15:14:09.865Z,2020-06-24T15:14:09.865Z,26,B20 用wwww跟2333就是肥宅用語？？還嘲諷煉油廠？？講話真的不用這麼沒水準欸,5.0,False,False,{},False,F,中原大學,,[],False,False,False,,False,False,26,,,False,,,False,,
c2c97576-6af9-48bf-b81d-3314424894b0,True,233937176,2020-06-24T16:23:51.504Z,2020-06-24T16:23:51.504Z,27,B26 是啊www就是日本動漫迷在用的你知道嗎😂,4.0,False,False,{},False,F,中原大學,,[],False,False,False,,False,False,27,,,False,,,False,,
60129919-d096-4dde-864f-4186fddff383,True,233937176,2020-06-24T16:24:34.271Z,2020-06-24T16:24:34.271Z,28,B23 好可憐喔絕對不是故意開嘲諷的怎麼會被罵啊,0.0,False,False,{},False,F,中原大學,,[],False,False,False,,False,False,28,,,False,,,False,,
fc630a75-619d-4c87-893c-2d0a6af73241,True,233937176,2020-06-24T16:25:19.705Z,2020-06-24T16:25:19.705Z,29,"笑死這串現在到底在吵什麼
我只看到有人崩潰打了一大堆然後自嗨",2.0,False,False,{},False,F,中原大學,,[],False,False,False,,False,False,29,,,False,,,False,,
417eccba-9efa-440f-9c76-28d2baabb030,True,233937176,2020-06-24T16:45:37.118Z,2020-06-24T16:45:37.118Z,30,沒差啦拉基課 隨便都過,0.0,False,False,{},False,M,中原大學,,[],False,False,False,,False,False,30,,,False,,,False,,
55b58d12-043e-4850-896c-46722c0bdbeb,True,233935697,2020-06-24T06:05:13.104Z,2020-06-24T06:05:13.104Z,1,"？問了有用嗎？
又不是讓你們選老師",8.0,False,False,{},False,F,中原大學,,[],False,False,False,,False,False,1,,,False,,,False,,
ba9677e3-231a-4ac6-9465-aef65da2b574,True,233935697,2020-06-24T06:51:34.399Z,2020-06-24T06:51:34.399Z,2,"B1 ？我想問不行嗎？
另外我不是大一我只是想先問這位老師如何，並非馬上就要修課",0.0,False,False,{},True,F,中原大學,,[],False,False,False,,False,False,2,,,False,,,False,,
0bbed094-26d9-4075-b646-384bdc801770,True,233935697,2020-06-24T07:03:00.406Z,2020-06-24T07:03:00.406Z,3,沒辦法的話就看她有開哪幾堂課，在教室外看看吧！,0.0,False,False,{},False,M,中原大學,,[],False,False,False,,False,False,3,,,False,,,False,,
b975257c-5a2b-4724-805e-3572be374ab4,True,233935697,2020-06-24T07:32:46.566Z,2020-06-24T07:32:46.566Z,4,外師 每節課都要討論東西 老師會很盡量不當人 所以課不會很難過 但每節課都很燒腦 你會交到很多一起共患難的戰友,2.0,False,False,{},False,F,中原大學,,[],False,False,False,,False,False,4,,,False,,,False,,
25b8216d-786b-4242-adc6-a1ab6dab8cac,True,233935697,2020-06-24T07:57:47.957Z,2020-06-24T07:57:47.957Z,5,"上課會很頭痛⋯⋯每個禮拜都有project要做
可以訓練自己的心靈的課呦(⁎⁍̴̛ᴗ⁍̴̛⁎)
雖然說每次上課都壓力很大啦 但分數給超甜的！",4.0,False,False,{},False,F,中原大學,,[],False,False,False,,False,False,5,,,False,,,False,,
4b0eddcf-df43-43db-8b23-fd5d1464a55e,True,233935697,2020-06-24T08:25:23.411Z,2020-06-24T08:25:23.411Z,6,菲律賓 全英文 壓力山大,3.0,False,False,{},False,M,中原大學,,[],False,False,False,,False,False,6,,,False,,,False,,
f91946f4-604c-439b-8c83-bbd5cae75ac7,True,233935697,2020-06-24T08:52:00.826Z,2020-06-24T08:52:00.826Z,7,"老師不會講中文喔
然後每節課都有東西要做 有分數
所以不太能請假
我個人是覺得他要用的東西很麻煩😂",0.0,False,False,{},False,F,中原大學,,[],False,False,False,,False,False,7,,,False,,,False,,
af292f84-8c32-4674-89d2-acf0404fafff,True,233935697,2020-06-24T11:45:26.688Z,2020-06-24T11:45:26.688Z,8,如果沒有想學東西只想廢廢的過完英文課 不要選,1.0,False,False,{},False,M,中原大學,,[],False,False,False,,False,False,8,,,False,,,False,,
c9166169-66d0-4929-b071-052e93477713,True,233935697,2020-06-24T11:45:39.230Z,2020-06-24T11:45:39.230Z,9,每堂課都很煩～,0.0,False,False,{},False,M,中原大學,,[],False,False,False,,False,False,9,,,False,,,False,,
b2459333-d0d4-49b7-9ad0-14b6222de54d,True,233935697,2020-06-24T12:45:06.923Z,2020-06-24T12:45:06.923Z,10,手機很重要,0.0,False,False,{},False,F,中原大學,,[],False,False,False,,False,False,10,,,False,,,False,,
52abede4-efa5-4d20-aedc-07464ac46f68,True,233935697,2020-06-24T13:14:42.199Z,2020-06-24T13:14:42.199Z,11,"B6 菲律賓是老師嗎？
B7 所以有缺課就過不了嗎😂
感覺好像蠻緊繃的？
我看名字有點怪怪的沒想到居然是外師😅😅",0.0,False,False,{},True,F,中原大學,,[],False,False,False,,False,False,11,,,False,,,False,,
57f83fae-0f48-40a0-98dd-939691637ac1,True,233935697,2020-06-24T13:18:19.181Z,2020-06-24T13:18:19.181Z,12,"真的很麻煩
我是修他大二實用英文的
第一個學期爆幹多作業，要下載一堆app
後來教學評量全班暴怒填爆
現在這個學期好多了
但作業量.... 好啦比起上學期有變少了
https://megapx-assets.dcard.tw/images/dc1923ad-1327-45d9-a49e-11f7ab1b78ed/640.jpeg",4.0,False,False,{},False,M,中原大學,,"[{'id': 'f3bbc1a3-9957-4823-b2e1-3897bf310e90', 'url': 'https://megapx-assets.dcard.tw/images/dc1923ad-1327-45d9-a49e-11f7ab1b78ed/160.jpeg', 'normalizedUrl': 'https://megapx-assets.dcard.tw/images/dc1923ad-1327-45d9-a49e-11f7ab1b78ed/160.jpeg', 'thumbnail': 'https://megapx-assets.dcard.tw/images/dc1923ad-1327-45d9-a49e-11f7ab1b78ed/160.jpeg', 'type': 'image/thumbnail', 'tags': ['ANNOTATED'], 'createdAt': '2020-06-24T13:18:19.181Z', 'updatedAt': '2020-06-24T13:18:19.181Z', 'width': 74, 'height': 160}, {'id': 'f3bbc1a3-9957-4823-b2e1-3897bf310e90', 'url': 'https://megapx-assets.dcard.tw/images/dc1923ad-1327-45d9-a49e-11f7ab1b78ed/640.jpeg', 'normalizedUrl': 'https://megapx.dcard.tw/v1/images/dc1923ad-1327-45d9-a49e-11f7ab1b78ed', 'thumbnail': 'https://megapx-assets.dcard.tw/images/dc1923ad-1327-45d9-a49e-11f7ab1b78ed/160.jpeg', 'type': 'image/megapx', 'tags': ['ANNOTATED'], 'createdAt': '2020-06-24T13:18:19.181Z', 'updatedAt': '2020-06-24T13:18:19.181Z', 'width': 925, 'height': 2000}]",False,False,False,,False,False,12,,,False,,,False,,
69c46250-b892-43cd-aa96-c29b7e964755,True,233935697,2020-06-24T13:20:31.932Z,2020-06-24T13:20:31.932Z,13,"B11 另外補充，有缺課不會過不了
你可以補（上圖就是給缺課的人補的作業）
他不會用點名系統也不會看誰請假
每次上課就是上傳作業（錄音、拍影片、app、截圖、寫文章等等）
沒上傳就算一次缺席這樣
有時候你會被他搞到很想死",3.0,False,False,{},False,M,中原大學,,[],False,False,False,,False,False,13,,,False,,,False,,
f3fcfdd3-92d4-4592-a2e1-3197b181b3f5,True,233935697,2020-06-24T16:33:28.410Z,2020-06-24T16:33:28.410Z,14,"修過的+1 菲律賓人 第一學期真的頭痛到爆：）每堂課分組討論 啊如果同班沒有很多認識的 就等著每次都跟不同組員討論報告 氣氛真的尬到爆 然後每堂課真的就是都要交一個報告討論到app上給她評分 我真的一度想換班 但無法 只好硬著頭皮撐 
不過後來第二學期有好點 如同樓上說的 透過教學評量有改善 但還是每堂課都要交一個project 只是第二學期讓我比較知道她在幹嘛 
總之 保佑你",0.0,False,False,{},False,F,中原大學,,[],False,False,False,,False,False,14,,,False,,,False,,
7c4f8963-db24-47c5-913e-c0de3de910d0,True,233935697,2020-06-24T17:56:32.118Z,2020-06-24T17:56:32.118Z,15,"第一學期我真的不行😱😱
但在大家填爆教學評量後好了很多：）
也因為很多分組的project 所以跟組員會變蠻熟的
一個共患難戰友的概念（？）",0.0,False,False,{},False,F,中原大學,,[],False,False,False,,False,False,15,,,False,,,False,,
938884fa-368f-43ef-b639-6020aecc2495,True,233935697,2020-06-24T18:06:19.545Z,2020-06-24T18:06:19.545Z,16,每節課的作業都很難 但他分數其實給蠻高的,0.0,False,False,{},False,F,中原大學,,[],False,False,False,,False,False,16,,,False,,,False,,
945a4141-b506-49e2-8947-3b25dc32f153,True,233935697,2020-06-25T02:41:16.864Z,2020-06-25T02:41:16.864Z,17,"這學期修過～每次上課都會分組做課堂作業當平時成績，如果都沒有同系的同學上完一個學期會認識到很多人🤣（前提是你有去）
這學期期中期末考口說，說的很爛沒關係，她主要是看願不願意開口講，至少分數都會落在85～95之間",0.0,False,False,{},False,F,中原大學,,[],False,False,False,,False,False,17,,,False,,,False,,
470d5ade-9d02-454f-9632-258b528c010a,True,233935697,2020-06-25T03:03:03.964Z,2020-06-25T03:03:03.964Z,18,B17 想問下禮拜有要考試嗎 他好像沒講,0.0,False,False,{},False,M,中原大學,,[],False,False,False,,False,False,18,,,False,,,False,,
07784f9b-3474-446c-ae79-418b1ad1cc97,True,233935697,2020-06-25T03:04:49.788Z,2020-06-25T03:04:49.788Z,19,好好笑哦整個版都是同學欸 有一種共鳴感 我也是大二實用英文,3.0,False,False,{},False,M,中原大學,,[],False,False,False,,False,False,19,,,False,,,False,,
5b4e5c42-c0ed-48bf-a145-363971512fbc,True,233935697,2020-06-25T03:57:30.431Z,2020-06-25T03:57:30.431Z,20,張善美 真善美,0.0,False,False,{},False,M,中原大學,,[],False,False,False,,False,False,20,,,False,,,False,,
e156042b-0ab2-46b1-ac96-0551dac94bcf,True,233935697,2020-06-25T04:22:08.447Z,2020-06-25T04:22:08.447Z,21,B18 我是大一喔我們考完了～她通常會在google classroom公告,0.0,False,False,{},False,F,中原大學,,[],False,False,False,,False,False,21,,,False,,,False,,
caa3e62d-6a88-40a7-ad4a-a66c0bdde30c,True,233935697,2020-06-25T04:22:48.419Z,2020-06-25T04:22:48.419Z,22,"這學期修她的課！我是覺得雖然每節課都很燒腦而且幾乎都是teamwork，但分數給的甜+沒有回家作業，在兩個小時內把腦燒好燒滿就算了啦
重點是老師很好聊天又沒有架子，可以多跟她接觸！",1.0,False,False,{},False,M,中原大學,,[],False,False,False,,False,False,22,,,False,,,False,,
c391648a-0a9c-4bba-b474-c399e305054e,True,233935697,2020-06-25T09:19:44.051Z,2020-06-25T09:19:44.051Z,23,"請問大家被分配到她的班，學測英文大概是幾級分？
怎麼看起來這麼難🤣",0.0,False,False,{},False,F,中原大學,,[],False,False,False,,False,False,23,,,False,,,False,,
95b7b13f-52c7-419f-b67e-c955fb464a61,True,233935697,2020-06-25T11:34:47.697Z,2020-06-25T11:34:47.697Z,24,B23 我13～,0.0,False,False,{},False,F,中原大學,,[],False,False,False,,False,False,24,,,False,,,False,,
fe197375-1cd4-442a-9cd6-d1dd6891d525,False,233935697,2020-06-25T12:48:25.813Z,2020-06-25T12:48:25.813Z,25,B23 我15,0.0,False,False,{},False,M,中原大學,,[],False,False,False,,False,False,25,,,False,,,False,,建築學系
16da27f3-8616-4178-8186-4cc50cb7b91a,True,233935697,2020-06-25T13:49:38.909Z,2020-06-25T13:49:38.909Z,26,"喔我的天被分到這個班真的很可憐
總之真的加油每堂課都有它煩的地方
還要下載一堆詭異app老師上課偶爾會很情緒化要小心 上課作業一定要交不然你等於早起上課賺缺席^_^",1.0,False,False,{},False,M,中原大學,,[],False,False,False,,False,False,26,,,False,,,False,,
e058c5c6-e208-4148-85ac-dc1f329d923b,True,233935697,2020-06-26T03:07:05.945Z,2020-06-26T03:07:05.945Z,27,先不說這個 有一個叫王建文的沒事真的別修到,0.0,False,False,{},False,M,中原大學,,[],False,False,False,,False,False,27,,,False,,,False,,
c5a1d06a-75e7-4610-96bf-048b5e263120,True,233935697,2020-06-27T10:13:44.926Z,2020-06-27T10:13:44.926Z,28,"上他的課如果有問題
可以下課的時候
私底下跟他建議
（英文不好可以…找人翻譯）

你會變成他的心上好學生
分數都會莫名的高ww",1.0,False,False,{},False,M,中原大學,,[],False,False,False,,False,False,28,,,False,,,False,,
bf73a37e-0f20-477b-ad3e-26e226c9ff68,True,233934954,2020-06-24T03:43:38.946Z,2020-06-24T03:43:38.946Z,1,想被當就都修啊,2.0,False,False,{},False,M,中原大學,,[],False,False,False,,False,False,1,,,False,,,False,,
38db7e58-18b2-4caf-8ca4-49086d04c64f,True,233934954,2020-06-24T03:54:22.843Z,2020-06-24T03:54:22.843Z,2,我是覺得你瘋了啦嘻嘻,1.0,False,False,{},False,M,中原大學,,[],False,False,False,,False,False,2,,,False,,,False,,
7ac1f967-d5a7-42c0-8802-a83bc5dac967,False,233934954,2020-06-24T04:51:24.428Z,2020-06-24T04:51:24.428Z,3,"如果妳想修高會，可以先到圖書管翻看看課本，再決定要不要修

新興會應該是可以銜接，只是所得稅那邊你應該會看很累",3.0,False,False,{},False,M,中原大學,,[],False,False,False,,False,False,3,,,False,,,False,,會計學系
5be66e89-a749-48f1-adbd-c893ab524008,False,233934954,2020-06-24T05:26:00.779Z,2020-06-24T05:26:00.779Z,4,"高會一是不難啦
但是有些分錄和概念都是中會的基礎的延伸
你這樣跳著上
我比較擔心你會不知道你自己在學什麼
還是先打好基礎比較好",3.0,False,False,{},False,F,中原大學,,[],False,False,False,,False,False,4,,,False,,,False,,會計學系
25dfa189-37f6-4877-a393-f8fd1df1c34e,False,233934954,2020-06-24T05:34:50.144Z,2020-06-24T05:34:50.144Z,5,"很建議一起修欸
不然大三會很閒
系上對我們太好",0.0,False,False,{},False,F,中原大學,,[],False,False,False,,False,False,5,,,False,,,False,,應用外國語文學系
900088cf-f5c7-40ca-a393-97d60c716989,True,233934954,2020-06-24T05:48:47.951Z,2020-06-24T05:48:47.951Z,6,"B3  B4 
感謝兩位的解說
想請問新興會有比較推薦哪個老師嗎？
有聽說吳冠勳老師講的比較快
但丁嬋娟老師和鄭淩淇老師比較沒有實際相關資訊能參考

我是因為有修業年限問題才必須要這樣同時修課，所以其實無論如何我都一定會同時選，只是想先了解我可能會面臨到什麼問題，了解一下每個老師的上課方式以提高我自己的學習效率 
再次感謝你們的回答❤️",0.0,False,False,{},True,F,中原大學,,[],False,False,False,,False,False,6,,,False,,,False,,
1cc81077-fda3-4e65-bfde-db4c69fa8c50,True,233934954,2020-06-24T05:49:45.507Z,2020-06-24T05:49:45.507Z,7,不是有檔修嗎,1.0,False,False,{},False,M,中原大學,,[],False,False,False,,False,False,7,,,False,,,False,,
5d233304-eadb-4e3e-83b2-40575a87c854,True,233934954,2020-06-24T05:52:07.877Z,2020-06-24T05:52:07.877Z,8,"B7  新興會只擋中會（一），（二）沒擋
高會是擋初會（一）（二）
剛好我都避開了",2.0,False,False,{},True,F,中原大學,,[],False,False,False,,False,False,8,,,False,,,False,,
7ac9ea9e-993f-4cef-9f08-d968fbb387a0,False,233934954,2020-06-24T05:52:30.698Z,2020-06-24T05:52:30.698Z,9,推冠勳,2.0,False,False,{},False,M,中原大學,,[],False,False,False,,False,False,9,,,False,,,False,,會計學系
579069f2-69b1-4676-9ce4-219c1a11e58a,False,233934954,2020-06-24T05:54:04.278Z,2020-06-24T05:54:04.278Z,10,"B5 大三很閒？？你是在說會計系嗎？
我記得明明也是忙炸啊，
三上有新興會有成會
一個沒顧好新興會直接當死你
三下又有成會又有審計
審計背到不瘋魔不成活呵呵...",4.0,False,False,{},False,F,中原大學,,[],False,False,False,,False,False,10,,,False,,,False,,會計學系
118b0f5e-c21c-4ab1-952f-ea7538bea063,True,233934954,2020-06-24T05:55:10.901Z,2020-06-24T05:55:10.901Z,11,"B5 我已經是延畢的情況了
我大三的時候在狂修初會.經濟那類的必修跟會計系選😂",1.0,False,False,{},True,F,中原大學,,[],False,False,False,,False,False,11,,,False,,,False,,
d56a39c8-9377-48b9-812c-86144b904dde,True,233934954,2020-06-24T05:59:11.976Z,2020-06-24T05:59:11.976Z,12,B9  能請問吳冠勳老師的上課方式有什麼優缺點嗎？  謝謝,0.0,False,False,{},True,F,中原大學,,[],False,False,False,,False,False,12,,,False,,,False,,
c09a7f3a-7573-424c-8173-d036e5001e62,False,233934954,2020-06-24T06:01:40.744Z,2020-06-24T07:28:51.033Z,13,"B6 鄭的步調比較平穩
而且會反覆講上次講過的內容給你複習
丁就是教到非常的細膩，保證教到你懂
但是可能會一直加課
吳就是會講到在實務上怎麼做課本又是怎麼做
教的步調也比較快

這樣講好了
第一次修推薦鄭和丁的上的比較慢
時間很多可以上丁的
時間想留給其他事情修鄭的
重修或想接觸實務修吳的
這三位老師都教的很認真很好
有認真上課不用擔心，而且都不是大刀
會計系也可以說是沒有大刀
因為會被當就是不及格又在三個班成績後30%的
所以新興會閉著眼睛選老師也不用擔心啦",3.0,False,False,{},False,F,中原大學,,[],False,False,False,,False,False,13,,,False,,,False,,會計學系
8880938b-f260-437a-b842-c89d3100c197,True,233934954,2020-06-24T06:27:55.919Z,2020-06-24T06:27:55.919Z,14,"B12 冠勳的低位單打 跟 搶籃板可以學一下 
外線有時候也蠻準的",6.0,False,False,{},False,M,國立彰化師範大學,,[],False,False,False,,False,False,14,,,False,,,False,,
7a3b778a-386f-4899-8592-3c60a9d5c005,True,233934954,2020-06-24T06:42:10.470Z,2020-06-24T06:42:10.470Z,15,"自認吸收快的可以聽冠勳，
冠勳會上完課本的內容再告訴你某些實務上的東西，以及他自己的想法。

吸收慢跟需要不斷聽重複部分的可以聽嬋娟，
嬋娟比較像是做學問的老師把理論教給你。

兩個老師的風格很明顯不同，可以選一個老師的聽過之後再去旁聽別的老師。",0.0,False,False,{},False,M,中原大學,,[],False,False,False,,False,False,15,,,False,,,False,,
25942fdf-8ea6-4817-9f23-60895519bf51,False,233934954,2020-06-24T07:32:48.968Z,2020-06-24T07:32:48.968Z,16,"B10 
可能我覺得我應付的來吧
讀起來沒什麼問題
而且系上把高會排在大四
讓高會下沒上什麼
我覺得不太好",0.0,False,False,{},False,F,中原大學,,[],False,False,False,,False,False,16,,,False,,,False,,應用外國語文學系
075d5523-8fdf-487f-8478-009fd5402bad,False,233934954,2020-06-24T07:38:51.580Z,2020-06-24T07:41:11.366Z,17,"B5 B16一個外系什麼都不知道還在那邊建議人家一起修🤣你知道會計系到大四上還有9學分必修、大四下3學分必修嗎 不要把其他系想的跟你們一樣輕鬆簡單又好過

B0感覺你是轉系或轉學生，不知道你成會審計跟會資修得怎麼樣，但會建議你按部就班的修不要亂跳，新興會算蠻硬的 光期末的所得稅跟EPS那些就會搞得你雞飛狗跳
老師的部分 期中期末考法可能修丁丁的會比較好，因為考試都很詳細，但缺點真的是會上很久很久的課",4.0,False,False,{},False,F,中原大學,,[],False,False,False,,False,False,17,,,False,,,False,,會計學系
85406ccc-4b65-4988-ae5a-bed76a26825d,True,233934954,2020-06-24T07:46:24.349Z,2020-06-24T07:46:24.349Z,18,"自己好好思考一下
新興會涉及中會二也不少  考試比中會一還難很多 一但一開始考不好 後面都會崩 建議修完中會二啦

如果妳兩個都修 不但可能兩個都被當掉 妳還會很累

高會ㄧ如果沒學好，高會二會一塌糊塗",1.0,False,False,{},False,M,中原大學,,[],False,False,False,,False,False,18,,,False,,,False,,
82394db9-8dff-4392-904b-4f63a861b5a5,True,233934954,2020-06-24T07:48:32.609Z,2020-06-24T07:48:32.609Z,19,高會一要融會貫通 高會二才有機會過,0.0,False,False,{},False,F,中原大學,,[],False,False,False,,False,False,19,,,False,,,False,,
38303294-85c7-439b-91b1-e73450a1e1d0,False,233934954,2020-06-24T07:49:33.559Z,2020-06-24T07:49:33.559Z,20,"過來人推薦中會 嬋娟 
高會考試幾乎都是考課本題目類似
多刷題目 應該可以應付
而且如果高會（一）是單老師 比較不會當人",1.0,False,False,{},False,M,國立彰化師範大學,,[],False,False,False,,False,False,20,,,False,,,False,,會計學系
955b0ec9-367d-4ef9-85bb-166de8a80d90,True,233934954,2020-06-24T07:57:27.049Z,2020-06-24T07:57:27.049Z,21,成會高會光刷題目就會累死你了...,0.0,False,False,{},False,M,中原大學,,[],False,False,False,,False,False,21,,,False,,,False,,
cf745f06-f53f-444f-b820-35f24da378a1,False,233934954,2020-06-24T07:59:47.700Z,2020-06-24T07:59:47.700Z,22,"學長一句話
高會推薦慧珊 >>>>>>單
都要學了別浪費生命去點名的高會課
當然信仰是林詮",5.0,False,False,{},False,M,中原大學,,[],False,False,False,,False,False,22,,,False,,,False,,會計學系
a003cb25-34fd-4174-b252-29aaad826143,False,233934954,2020-06-24T08:26:55.295Z,2020-06-24T08:26:55.295Z,23,"B17 
痾 好喔
你覺得很難就很難吧
回原po
我會覺得你真的想讀書的可以一起修",0.0,False,False,{},False,F,中原大學,,[],False,False,False,,False,False,23,,,False,,,False,,應用外國語文學系
7f9cca40-982b-41a9-a93f-f20af0a71258,False,233934954,2020-06-24T08:46:19.890Z,2020-06-24T08:49:32.470Z,24,"會計本來就輕鬆又好過啊 維持高分過才難吧 
一起修60分又不會很難 = =",1.0,False,False,{},False,M,中原大學,,[],False,False,False,,False,False,24,,,False,,,False,,會計學系
830e7a49-d573-4bbb-b726-34a9060cd6ad,True,233934954,2020-06-24T09:35:12.623Z,2020-06-24T09:35:12.623Z,25,B14 我決定推爆你,1.0,False,False,{},False,F,中原大學,,[],False,False,False,,False,False,25,,,False,,,False,,
26c0ea8e-8725-4bf3-afc7-dee625ac20de,False,233934954,2020-06-24T09:57:23.248Z,2020-06-24T09:57:23.248Z,26,"說真的是拿高分難 但及格不難
當的人數是固定（好像是1/3）？
只求過拿學分的話不要太混就好",2.0,False,False,{},False,M,中原大學,,[],False,False,False,,False,False,26,,,False,,,False,,會計學系
f636f648-f92d-4d9c-8c16-c5dd4d3a0f02,True,233934954,2020-06-24T12:54:41.079Z,2020-06-24T12:54:41.079Z,27,B22 怎麼說啊，單老師教的怎麼樣？,0.0,False,False,{},False,M,中原大學,,[],False,False,False,,False,False,27,,,False,,,False,,
9cc94a19-3b9f-4f9a-af06-41cdcd854eca,False,233934954,2020-06-24T13:08:36.420Z,2020-06-24T13:08:36.420Z,28,B27 跟審計一樣，上過就知道了...,0.0,False,False,{},False,F,中原大學,,[],False,False,False,,False,False,28,,,False,,,False,,會計學系
1dd680eb-87cb-44a5-aaba-f478df415ac7,True,233934954,2020-06-24T14:49:55.291Z,2020-06-24T14:49:55.291Z,29,"新興會真的硬爆喔
如果基礎還不穩不建議全部一起修
除非你想都被當",3.0,False,False,{},False,F,中原大學,,[],False,False,False,,False,False,29,,,False,,,False,,
fb094483-7114-4713-8412-8e46b2db51d1,False,233934954,2020-06-24T14:59:08.581Z,2020-06-24T14:59:08.581Z,30,"B27 單老師的課說白了點名就過了 
考試成績再怎麼差幾乎都會過 如果還被單老師當掉9成9就是連點名都不去成績又爛
他的課爽歸爽但真的不推(想我的審計跟渣一樣...
與其去點名混學分不如選可以學到東西老師的課...
個人最詬病的是他上課時間都不按錶操課 真的很討厭",3.0,False,False,{},False,M,中原大學,,[],False,False,False,,False,False,30,,,False,,,False,,會計學系
2bcb4662-c304-4689-9ff2-cc3fb0458399,True,233932568,2020-06-23T15:42:40.707Z,2020-06-23T15:44:13.711Z,1,"1.我大一老師和大二老師不一樣，你可以去看看那位老師有沒有教大二。
2.退選要寫報告書，而且要在加退選截止前完成，報告書在選課系統上有格式，要按照學校規定的來，不然語言中心會退你件喔！（親身經驗，問語言中心有沒有規定格式，他們只想快點打發我，呵呵。）
3.不行，英文是必修，沒修過就拿不到畢業證書，但可以選擇暑修，不過在我所知道的規定裡，暑修必須是之前有修過的科目（不包含停修），唯有當年度大四應屆畢業生除外。

補充：英文有免修門檻。

祝你能遇到好老師。",3.0,False,False,{},False,F,中原大學,,[],False,False,False,,False,False,1,,,False,,,False,,
c7bac3b3-81c2-4078-8bfb-fed458328176,True,233932568,2020-06-23T15:43:38.891Z,2020-06-23T15:43:38.891Z,2,夠厲害就去考英檢免修,2.0,False,False,{},False,F,中原大學,,[],False,False,False,,False,False,2,,,False,,,False,,
75af6745-4d01-4b1b-8bf5-4d083fbb951a,True,233932568,2020-06-23T17:15:17.723Z,2020-06-23T17:15:17.723Z,3,"1.印象中會拆成英檢過跟沒過
2/3.英文是必修，沒修完是不能畢業的..",3.0,False,False,{},False,M,中原大學,,[],False,False,False,,False,False,3,,,False,,,False,,
d7b933c8-7bb9-405c-b08c-edd88eb5351e,True,233932568,2020-06-23T17:26:54.473Z,2020-06-23T17:26:54.473Z,4,"B1 天啊還需要報告書XDD
不過這樣有需要甚麼樣的理由才有機會過嗎？
另外我查過那位老師有教大二，如果是能力分我就真的很可能會遇到
B3 我不是說四年都不修，而是大二先不修這樣
然後我不太可能達到免修門檻，不然我大一就不會這麼痛苦了XDDD",0.0,False,False,{},True,F,中原大學,,[],False,False,False,,False,False,4,,,False,,,False,,
91798842-4df2-4571-a384-d9d4e0e861c3,True,233932568,2020-06-23T17:58:34.073Z,2020-06-23T17:58:34.073Z,5,實英簡直惡夢浪費時間又學不到東西😢😢😢,12.0,False,False,{},False,F,中原大學,,[],False,False,False,,False,False,5,,,False,,,False,,
6c08d244-7c66-4b4a-b081-5419f1f210de,True,233932568,2020-06-23T18:36:23.217Z,2020-06-23T18:36:23.217Z,6,去修其他系的實用英文啊，換個老師看看,1.0,False,False,{},False,M,中原大學,,[],False,False,False,,False,False,6,,,False,,,False,,
fa2e19bc-f389-44c6-9d4c-7cf78e66096f,True,233932568,2020-06-24T00:54:05.765Z,2020-06-24T00:54:05.765Z,7,我們是沒分班 整個班一起上英文課,0.0,False,False,{},False,F,中原大學,,[],False,False,False,,False,False,7,,,False,,,False,,
9764a356-7a05-41d3-9dea-271410b487cf,True,233932568,2020-06-24T01:32:01.646Z,2020-06-24T01:32:08.668Z,8,,,False,False,{},False,,,insult,[],False,True,False,中傷、歧視、挑釁或謾罵他人,False,False,8,,,False,,,False,,
8fd822d7-1ed1-4be3-9ba1-f60f8f2f731c,True,233932568,2020-06-24T01:56:24.812Z,2020-06-24T01:56:24.812Z,9,B6 還可以換其他系的？我們大一就是混著各系一起上了，如果大二也是混的還可以換班嗎？,0.0,False,False,{},True,F,中原大學,,[],False,False,False,,False,False,9,,,False,,,False,,
5eacf986-7590-484e-9bb5-0a4417e9684a,True,233932568,2020-06-24T02:05:48.478Z,2020-06-24T02:05:48.478Z,10,B8 我不是應外謝謝😉,0.0,False,False,{},False,F,中原大學,,[],False,False,False,,False,False,10,,,False,,,False,,
4d173c92-8085-4b66-9d6e-6fe75395f1d9,True,233932568,2020-06-24T02:27:45.014Z,2020-06-24T02:27:45.014Z,11,"誒我也是大一英文碰到奇怪老師結果上課壓力超大
然後停修跑去考英檢還考到金色證書
大二實英直接免修
你也可以試看看
不過在可以免修前壓力更大就是了😅",1.0,False,False,{},False,F,中原大學,,[],False,False,False,,False,False,11,,,False,,,False,,
3a4e2b80-181a-4857-a73c-46650643c55f,True,233932568,2020-06-24T03:04:38.485Z,2020-06-24T03:04:38.485Z,12,"退了之後修還是同個老師 不能選要給哪老師教
老師說的",0.0,False,False,{},False,F,中原大學,,[],False,False,False,,False,False,12,,,False,,,False,,
6849e543-2ae4-4ba4-b2c9-66c5f9dcc70a,False,233932568,2020-06-24T03:25:58.488Z,2020-06-24T03:25:58.488Z,13,我們大二還是全班一起上課,0.0,False,False,{},False,F,中原大學,,[],False,False,False,,False,False,13,,,False,,,False,,會計學系
e8b05a42-0565-4f3d-87d0-26f94d032879,True,233932568,2020-06-24T04:04:25.676Z,2020-06-24T04:04:25.676Z,14,"學校英文老師是我金色多益的動力
免修就可以不要面對這些問題了",0.0,False,False,{},False,F,中原大學,,[],False,False,False,,False,False,14,,,False,,,False,,
b4fdc32d-9b67-4985-8f14-e8f07c7ea4a9,True,233932568,2020-06-24T05:24:13.501Z,2020-06-24T05:24:13.501Z,15,"我之前大二退了 大三修是不同老師喔！
總之 是運氣問題r",0.0,False,False,{},False,F,中原大學,,[],False,False,False,,False,False,15,,,False,,,False,,
16c5d9d8-25cc-4dde-aca9-53eb252d0fd6,True,233932568,2020-06-24T05:58:39.707Z,2020-06-24T05:58:39.707Z,16,"B11 我覺得我來不及衝免修了XDDDD
B12 沒關係我只要今年先不要給他教就好QQ
就是至少今年不要修英文，因為真的太累了
而且我大一可能被當，這樣我一周見面兩次我會發瘋

所以確定是按照有沒有考過英檢去分班的嗎？
而且如果退選還要報告書(好麻煩喔XD)那感覺要開始寫了哈哈哈
順帶一題我是理學的~",0.0,False,False,{},True,F,中原大學,,[],False,False,False,,False,False,16,,,False,,,False,,
b9d7ff66-2330-4128-992b-fb8991f65b93,True,233932568,2020-06-24T06:10:15.186Z,2020-06-24T06:10:15.186Z,17,就算大一英文被當 之後達到免修門檻 就算沒重修 一樣可以拿到學分嗎？,0.0,False,False,{},False,M,中原大學,,[],False,False,False,,False,False,17,,,False,,,False,,
04942bf5-9103-41be-a3b9-74f9a15e515a,True,233932568,2020-06-24T07:20:57.773Z,2020-06-24T07:20:57.773Z,18,你可以知道老師後 找點事和語言中心換,0.0,False,False,{},False,F,中原大學,,[],False,False,False,,False,False,18,,,False,,,False,,
f543f3f0-0f1d-4df1-b6bb-4685159658a9,True,233932568,2020-06-24T07:22:19.022Z,2020-06-24T07:22:19.022Z,19,我記得大一大二有個男英文老師不錯的,0.0,False,False,{},False,F,中原大學,,[],False,False,False,,False,False,19,,,False,,,False,,
f32f30e8-9070-4979-b284-a6e8371b2392,True,233932568,2020-06-24T13:16:01.090Z,2020-10-12T07:44:45.221Z,20,,,False,True,{},False,,,,[],False,True,False,,False,False,20,,,False,,,False,,
09a10a2a-174d-4215-9805-08bab7f6fe59,True,233932568,2020-06-24T13:22:51.414Z,2020-06-24T13:22:51.414Z,21,B5 真的！每個禮拜都坐在教室廢,0.0,False,False,{},False,F,中原大學,,[],False,False,False,,False,False,21,,,False,,,False,,
12d5b32c-4cb4-4980-8c99-ca8a4adf98df,True,233932568,2020-06-24T16:25:49.786Z,2020-06-24T16:25:49.786Z,22,"唉我只想說 上了整年的實英 除了這學期最後的授課內容 我覺得有點用 不然真的完全感受不到有多實用 我是遇到一個外國老師：）上學期整個上課模式我超級不習慣 就是標準國外教學模式 分組討論 然後每堂課都給我重新換組 啊能力分班的根本沒幾個認識 所以每次討論報告的氣氛都很糟 我還有想要去換班  但語言中心說只能往level更高的轉 不能往下轉 
總之 祝你遇到好老師 但還有個孟老師也蠻恐怖ㄉ 作業爆多 
最後如果妳真的遇到不喜歡的老師 我是聽說除非被當才能換老師？重修好像還是同一個？我也不確定 給你參考",0.0,False,False,{},False,F,中原大學,,[],False,False,False,,False,False,22,,,False,,,False,,
c315e239-079c-4083-a1c6-c28fc167af44,True,233932568,2020-06-24T23:46:54.162Z,2020-06-24T23:46:54.162Z,23,B20 請問姓什麼？   想修她的課,0.0,False,False,{},False,M,中原大學,,[],False,False,False,,False,False,23,,,False,,,False,,
71cd75cd-64dc-47ff-bf56-baea43856e93,True,233932568,2020-06-25T00:08:28.879Z,2020-10-12T07:44:52.077Z,24,,,False,True,{},False,,,,[],False,True,False,,False,False,24,,,False,,,False,,
d1118589-0c9b-414f-aa70-d78770193094,True,233932568,2020-06-25T08:18:44.754Z,2020-06-25T08:18:44.754Z,25,"1.有的系是全班一起上課，有的是分成檢定有過的一班，沒過的一班。
2.系統會自動加選，你可以退掉不上。
3.可以。但是大一英文跟大二實英都是必修課，除非是抵免掉才可以免修，不然畢業前都得修畢，否則無法畢業喔。",0.0,False,False,{},False,F,中原大學,,[],False,False,False,,False,False,25,,,False,,,False,,
e90b64e9-229a-4e1a-b72e-eaf2660f3ce3,True,233932542,2020-06-23T17:02:38.419Z,2020-06-23T17:02:38.419Z,1,不用去 我印象 而且期末考都考完了 要去幹嘛😂,0.0,False,False,{},False,M,中原大學,,[],False,False,False,,False,False,1,,,False,,,False,,
f30589db-1412-4908-9004-a84494709539,True,233932542,2020-06-24T02:56:13.821Z,2020-06-24T02:56:13.821Z,2,B1 謝謝你～～也是😂,0.0,False,False,{},True,F,中原大學,,[],False,False,False,,False,False,2,,,False,,,False,,
3a87de07-c3de-41ac-9867-173ead1a90c2,True,233929744,2020-06-23T08:17:37.698Z,2020-06-23T08:17:37.698Z,1,有認真上課嗎,0.0,False,False,{},False,M,中原大學,,[],False,False,False,,False,False,1,,,False,,,False,,
070fe546-199e-4c54-8f4c-7c95b0fb9a48,True,233929744,2020-06-23T08:18:56.169Z,2020-06-23T08:18:56.169Z,2,"這禮拜還有他的課嗎
想聽最後一次",0.0,False,False,{},False,F,中原大學,,[],False,False,False,,False,False,2,,,False,,,False,,
0f51055a-a3e7-4b3c-89e7-775cf1168832,True,233929744,2020-06-23T09:05:05.491Z,2020-06-23T09:05:05.491Z,3,我有報告你要嗎 之前過的,0.0,False,False,{},False,M,中原大學,,[],False,False,False,,False,False,3,,,False,,,False,,
eedfed2c-ea04-4a95-89bf-b7b801dfaee9,True,233929744,2020-06-23T09:31:47.525Z,2020-06-23T09:31:47.525Z,4,b3 可以的話 拜託了QAQ,0.0,False,False,{},True,M,中原大學,,[],False,False,False,,False,False,4,,,False,,,False,,
ba0b3630-064f-4339-a677-878825f07d42,True,233929744,2020-06-23T09:32:13.135Z,2020-06-23T09:32:13.135Z,5,b2 上完了喔 這禮拜沒課,0.0,False,False,{},True,M,中原大學,,[],False,False,False,,False,False,5,,,False,,,False,,
ebbba4cc-ca14-4e78-9fc4-2bb0479db47d,True,233929744,2020-06-23T09:32:52.270Z,2020-06-23T09:32:52.270Z,6,B4 500一份,0.0,False,False,{},False,M,中原大學,,[],False,False,False,,False,False,6,,,False,,,False,,
2046e3ac-21d7-4e77-9885-37e774613a60,True,233929744,2020-06-23T09:45:24.282Z,2020-06-23T09:45:24.282Z,7,B6 蘇老師是你?,0.0,False,False,{},True,M,中原大學,,[],False,False,False,,False,False,7,,,False,,,False,,
e4a09d7b-febf-48fd-8ae2-dc128f4a2491,True,233926877,2020-06-22T16:55:21.008Z,2020-06-22T16:55:21.008Z,1,找mail信件前幾封有寫，當時要改遠距時有發一封郵件,0.0,False,False,{},False,F,中原大學,,[],False,False,False,,False,False,1,,,False,,,False,,
ed71bdeb-4405-4c54-b21c-b2839240684c,True,233926877,2020-06-22T17:53:42.432Z,2020-06-22T17:53:42.432Z,2,B1 感謝妳～我找到了,0.0,False,False,{},True,M,中原大學,,[],False,False,False,,False,False,2,,,False,,,False,,
ca8f2c13-d721-4f68-8291-71e7831f853b,True,233919359,2020-06-21T14:59:55.892Z,2020-06-21T14:59:55.892Z,1,喬爾夫球,3.0,False,False,{},False,F,中原大學,,[],False,False,False,,False,False,1,,,False,,,False,,
725ecbdd-24bf-4ecf-a03e-d69b16d90d5b,True,233919359,2020-06-21T15:32:34.709Z,2020-06-21T15:32:34.709Z,2,B1 😂😂什麼東西,0.0,False,False,{},True,M,中原大學,,[],False,False,False,,False,False,2,,,False,,,False,,
d762a115-f370-4725-9a10-aa9dbf0be3cb,True,233919359,2020-06-21T17:01:22.087Z,2020-06-21T17:01:22.087Z,3,那種遊戲送我都不要,0.0,False,False,{},False,M,中原大學,,[],False,False,False,,False,False,3,,,False,,,False,,
30ead499-faf5-4d07-bd23-02cbf90af378,True,233919359,2020-06-21T18:25:36.055Z,2020-06-21T18:25:36.055Z,4,不用,0.0,False,False,{},False,M,中原大學,,[],False,False,False,,False,False,4,,,False,,,False,,
8c415101-4cfb-422a-97e9-d63e4f8adbbe,True,233919359,2020-06-21T21:22:11.858Z,2020-06-21T21:22:11.858Z,5,"B1 
https://i.imgur.com/69WwAze.jpg",0.0,False,False,{},False,M,中原大學,,"[{'id': '928cdcb0-c783-4d6a-9041-c27704fb45bb', 'url': 'https://i.imgur.com/69WwAzel.jpg', 'normalizedUrl': 'https://i.imgur.com/69WwAzel.jpg', 'thumbnail': 'https://i.imgur.com/69WwAzel.jpg', 'type': 'image/thumbnail', 'tags': ['ANNOTATED'], 'createdAt': '2020-06-21T21:22:11.858Z', 'updatedAt': '2020-06-21T21:22:11.858Z'}, {'id': '928cdcb0-c783-4d6a-9041-c27704fb45bb', 'url': 'https://i.imgur.com/69WwAze.jpg', 'normalizedUrl': 'https://imgur.com/69WwAze', 'thumbnail': 'https://i.imgur.com/69WwAzel.jpg', 'type': 'image/imgur', 'tags': ['ANNOTATED'], 'createdAt': '2020-06-21T21:22:11.858Z', 'updatedAt': '2020-06-21T21:22:11.858Z'}]",False,False,False,,False,False,5,,,False,,,False,,
d80815ad-8563-47a3-a891-842594119818,True,233919359,2020-06-22T03:17:53.684Z,2020-06-22T03:17:53.684Z,6,"我就知道一定會有人提到喬爾夫球哈哈
b0 可以去查最後生還者2",0.0,False,False,{},False,F,中原大學,,[],False,False,False,,False,False,6,,,False,,,False,,
bcdc2bf2-cbcf-443b-b212-7621b6e4e4b5,True,233919359,2020-06-22T08:59:40.679Z,2020-06-22T09:00:07.607Z,7,"笑死 大家都在說哏 結果沒人回答問題XD
Joel 嗚嗚😭
更正 看到有人回答了",0.0,False,False,{},False,M,國立交通大學,,[],False,False,False,,False,False,7,,,False,,,False,,
9b0deeb4-adec-462f-b580-26ccda3a5b44,True,233918874,2020-06-22T01:45:07.497Z,2020-06-22T01:45:07.497Z,1,"其實我覺得open book也沒什麼用
不用看也能回答的出來",0.0,False,False,{},False,M,中原大學,,[],False,False,False,,False,False,1,,,False,,,False,,
41190478-9307-428c-bd48-87d25c054bb5,True,233918874,2020-06-22T13:23:47.911Z,2020-06-22T13:23:47.911Z,2,你有去上課 不open book也會寫喔,0.0,False,False,{},False,F,中原大學,,[],False,False,False,,False,False,2,,,False,,,False,,
6bd8bed9-0e95-45f3-ba00-cacf8d67f97d,True,233918874,2020-06-22T13:27:59.135Z,2020-06-22T13:27:59.135Z,3,B1 B2 好的，謝謝你們，有信心了！！,0.0,False,False,{},True,M,中原大學,,[],False,False,False,,False,False,3,,,False,,,False,,
ae0e84f0-004c-47e7-b834-1f9c90c2e143,False,233918874,2020-06-22T14:52:36.241Z,2020-06-22T14:52:36.241Z,4,酸偉德,0.0,False,False,{},False,M,中原大學,,[],False,False,False,,False,False,4,,,False,,,False,,化學工程學系
a5f1ba26-c718-4090-9d39-be8412c1cdae,True,233918874,2020-06-23T16:54:13.277Z,2020-06-23T16:54:13.277Z,5,寫你覺得的 就好了 很容易,0.0,False,False,{},False,M,中原大學,,[],False,False,False,,False,False,5,,,False,,,False,,
31a1e4f2-5bc1-4319-ab3e-9569909af9cf,True,233918874,2020-06-24T00:11:44.854Z,2020-06-24T00:11:44.854Z,6,B5 好的，謝謝~,0.0,False,False,{},True,M,中原大學,,[],False,False,False,,False,False,6,,,False,,,False,,
dcd0c073-b368-457f-86f3-ad8bf7a98f37,True,233914206,2020-06-20T17:27:03.601Z,2020-06-20T17:27:03.601Z,1,沒有,0.0,False,False,{},False,M,中原大學,,[],False,False,False,,False,False,1,,,False,,,False,,
15786755-1ce2-4080-8316-fef36b984f22,True,233914206,2020-06-21T05:57:44.340Z,2020-06-21T05:57:44.340Z,2,要寫一首歌+賞析,0.0,False,False,{},False,F,中原大學,,[],False,False,False,,False,False,2,,,False,,,False,,
1bb3ec3f-0392-4af4-847f-f0234b38b36e,True,233914206,2020-06-21T12:39:58.529Z,2020-06-21T12:39:58.529Z,3,"B2 歌詞是之前照老師旋律 寫的那首嗎
還是還有另外的作業啊？",0.0,False,False,{},True,F,中原大學,,[],False,False,False,,False,False,3,,,False,,,False,,
cb7d91be-a8a8-4dc3-bbc0-a9b45ba67436,False,233913071,2020-06-20T16:30:48.843Z,2020-06-20T16:30:48.843Z,1,是,0.0,False,False,{},False,M,中原大學,,[],False,False,False,,False,False,1,,,False,,,False,,企業管理學系
09ef0ca7-ba9a-4161-9205-1104e7c1d381,True,232567974,2019-11-25T08:06:52.584Z,2019-11-25T08:06:52.584Z,1,問語言中心,1.0,False,False,{},False,F,中原大學,,[],False,False,False,,False,False,1,,,False,,,False,,
054646c5-e61a-4f8c-832e-a165c1e11093,True,232567974,2019-11-25T17:57:24.746Z,2019-11-25T17:58:06.845Z,2,可以 沒有擋修 我之前也是先修二的,0.0,False,False,{},False,F,中原大學,,[],False,False,False,,False,False,2,,,False,,,False,,
9e43a6cd-f086-4b53-b229-e605fc7fd52a,True,229584946,2018-09-06T09:23:45.703Z,2018-09-06T17:49:32.792Z,1,一樣的  兩個老師合開 一起上課,1.0,False,False,{},False,M,中原大學,,[],False,False,False,,False,False,1,,,False,,,False,,
0afa9850-8a8b-4624-bbf2-9a0e96d29c3b,True,229584946,2018-09-06T09:24:02.447Z,2018-09-06T09:24:02.447Z,2,不想學東西就去修其他系的爽課吧,1.0,False,False,{},False,M,中原大學,,[],False,False,False,,False,False,2,,,False,,,False,,
6f0cdadb-e924-46eb-a4cd-5cd9555cde83,True,229584946,2018-09-06T09:28:00.131Z,2018-09-06T15:05:38.609Z,3,"說個笑話
 大學 學東西?",0.0,False,False,{},False,M,中原大學,,[],False,False,False,,False,False,3,,,False,,,False,,
d17f40da-e33c-4797-b5d8-c67755f541ab,True,229584946,2018-09-06T09:28:37.788Z,2018-09-06T09:28:37.788Z,4,黃合綺老師很好,0.0,False,False,{},False,M,中原大學,,[],False,False,False,,False,False,4,,,False,,,False,,
a3fdae5e-161a-4f6b-bda2-055d9bbe8081,True,229584946,2018-09-06T09:34:14.577Z,2018-09-06T09:34:14.577Z,5,B3 難笑,0.0,False,False,{},False,M,中原大學,,[],False,False,False,,False,False,5,,,False,,,False,,
b6b6ab86-c47f-49ad-bafc-de5dc0071fb2,False,229584946,2018-09-06T10:22:23.610Z,2018-09-06T10:23:19.812Z,6,"張雍大神
保證你收穫滿滿


不要惹到老師就爽過",1.0,False,False,{},False,M,倫敦大學,,[],False,False,False,,False,False,6,,,False,,,False,,材料科學系
002811ba-2e2a-4a41-9480-896435e16bb5,True,229584946,2018-09-06T10:53:33.660Z,2018-09-06T10:53:33.660Z,7,個人覺得周崇榮好加分 張雍好考試,0.0,False,False,{},False,F,國立中央大學,,[],False,False,False,,False,False,7,,,False,,,False,,
bdc93d47-c7ff-4fa6-9e3a-988137f74076,False,229584946,2018-09-06T11:20:12.553Z,2018-09-06T11:20:12.553Z,8,上次物化二當率是六成，沒事不要來湊熱鬧，如果來當分母那就十分歡迎,3.0,False,False,{},False,M,中原大學,,[],False,False,False,,False,False,8,,,False,,,False,,化學工程學系
8b8c8f9b-24a4-4447-8ada-f4b98fe30d83,True,229584946,2018-09-06T11:33:12.331Z,2018-09-06T11:34:20.056Z,9,"合開的
周崇榮好加分
張雍好加分好考試
真的別惹張雍
不然可能算好的過就變成不過了",2.0,False,False,{},False,F,中原大學,,[],False,False,False,,False,False,9,,,False,,,False,,
1233b001-8046-429d-8593-0c640d26da02,False,229584946,2018-09-06T12:16:02.160Z,2018-09-06T12:16:02.160Z,10,物二簡單,0.0,False,False,{},False,M,中原大學,,[],False,False,False,,False,False,10,,,False,,,False,,化學工程學系
a8fa2e5f-7c2b-44aa-b4dc-7fc2f29a0573,True,229584946,2018-09-06T14:27:34.998Z,2018-09-06T14:27:34.998Z,11,"一樣 兩個老師合開的
基本上有認真讀書就能過",1.0,False,False,{},False,F,中原大學,,[],False,False,False,,False,False,11,,,False,,,False,,
781de734-5011-4b8d-aec3-d5c5fcd95fd7,True,229584946,2018-09-06T15:11:27.958Z,2018-09-06T15:11:27.958Z,12,"如果要好過
可以下學期去元智跨校修
聽說那物化二躺著過",0.0,False,False,{},False,F,中原大學,,[],False,False,False,,False,False,12,,,False,,,False,,
4e1dcddc-72b6-425c-bc51-6e84c35c0cce,False,229584946,2018-09-07T07:06:08.696Z,2018-09-07T07:06:46.116Z,13,,,False,True,{},False,,,,[],False,True,False,,False,False,13,,,False,,,False,,
295ff3bf-4399-4d9e-aba7-ea28af9cf9dd,False,229584946,2018-09-07T10:22:46.500Z,2018-09-07T10:22:46.500Z,14,"不要啦
突然大吼大叫抓作弊 嚇到你公式都忘記
還好我過了 呵呵",0.0,False,False,{},False,M,中原大學,,[],False,False,False,,False,False,14,,,False,,,False,,化學工程學系
9ca4d5bc-c729-4b64-93d6-b700102b0d19,True,229577254,2018-09-05T08:13:45.466Z,2018-09-05T17:14:46.288Z,1,選那些選課餘額多的～ 中原的學長姐們都很好心 把好課都留給學弟妹 👍👍,11.0,False,False,{},False,M,中原大學,,[],False,False,False,,False,False,1,,,False,,,False,,
3bb54997-a83b-44a8-b6a6-024c38cab2fa,False,229577254,2018-09-05T08:31:15.220Z,2018-09-05T08:31:15.220Z,2,沒差啦大一下再選就好，先適應環境吧,2.0,False,False,{},False,M,中原大學,,[],False,False,False,,False,False,2,,,False,,,False,,電子工程學系
0f0313a7-d087-43af-870e-03285695433a,True,229577254,2018-09-05T08:46:37.049Z,2018-09-05T08:46:37.049Z,3,都可 不要被當為前提,2.0,False,False,{},False,M,中原大學,,[],False,False,False,,False,False,3,,,False,,,False,,
18fa1d6f-870f-4b63-84a7-d12a4aa366c9,True,229577254,2018-09-05T09:20:42.171Z,2018-09-05T09:20:42.171Z,4,"體育除了大一的以外
在畢業前只要任修四堂體育就好嗎 還是要六堂?",2.0,False,False,{},False,M,國立中正大學,,[],False,False,False,,False,False,4,,,False,,,False,,
da20d1be-c68a-4311-a42a-23e6a2414112,True,229577254,2018-09-05T09:21:16.295Z,2018-09-05T09:21:16.295Z,5,我當初大一上是選一門通識,0.0,False,False,{},False,M,中原大學,,[],False,False,False,,False,False,5,,,False,,,False,,
8b12240e-9a60-4ac7-aa3d-3a2524c57485,True,229577254,2018-09-05T10:36:55.947Z,2018-09-05T10:36:55.947Z,6,"再選四堂體育
B4",0.0,False,False,{},False,M,中原大學,,[],False,False,False,,False,False,6,,,False,,,False,,
71ea3f26-2318-4dd8-9b71-def39673db7e,True,229577254,2018-09-05T10:41:19.455Z,2018-09-05T10:41:19.455Z,7,B6 3Q~,0.0,False,False,{},False,M,國立中正大學,,[],False,False,False,,False,False,7,,,False,,,False,,
23db4d73-bac5-4cf0-a535-13986d93b000,False,229577254,2018-09-05T11:51:14.534Z,2018-09-05T11:51:14.534Z,8,當初大一上只剩軍訓沒衝堂所以也沒修，主科就很麻煩了，還要練系隊,0.0,False,False,{},False,M,中原大學,,[],False,False,False,,False,False,8,,,False,,,False,,電子工程學系
0e2d73be-c939-4dec-b231-b3dde292143b,False,229577254,2018-09-10T16:48:36.651Z,2018-09-10T16:48:36.651Z,9,處男可以不要發文嗎,0.0,False,False,{},False,F,中原大學,,[],False,False,False,,False,False,9,,,False,,,False,,應用外國語文學系
90509959-3a2c-4277-86c3-7d7551fc6509,True,229574994,2018-09-05T00:32:57.893Z,2018-09-05T00:33:34.152Z,1,"推 蠻想選的可是每次都衝堂嗚嗚
想問一下報告形式是怎樣",0.0,False,False,{},False,M,中原大學,,[],False,False,False,,False,False,1,,,False,,,False,,
334f2ac8-3898-41fe-aedc-b6a7fc1a1b91,False,229574994,2018-09-05T01:01:11.851Z,2018-09-05T01:01:11.851Z,2,幾號可以再選呢,0.0,False,False,{},False,M,中原大學,,[],False,False,False,,False,False,2,,,False,,,False,,會計學系
d756994d-fec2-42c7-ae8f-7485739e3bc4,True,229574994,2018-09-05T01:18:23.989Z,2018-09-05T01:18:23.989Z,3,"https://i.imgur.com/cCILBS7.jpg
所以他是4學分的延伸？
會使用到假日的時間嗎？
依照上面寫的只有三個上課時間而已耶",0.0,False,False,{},False,F,中原大學,,[],False,False,False,,False,False,3,,,False,,,False,,
b20ef04b-44eb-47ca-ac76-edeea6af51ce,True,229574994,2018-09-05T03:03:31.297Z,2018-09-06T03:15:48.887Z,4,"給大家個建議
除了這堂課外
有動物名字的老師不要選
可選梁元棟 蘇友瑞",5.0,False,False,{},False,M,中原大學,,[],False,False,False,,False,False,4,,,False,,,False,,
b88f2ab6-5732-4180-b686-4de85f3019c3,False,229574994,2018-09-05T04:07:06.710Z,2019-02-22T14:41:00.839Z,5,"B1 每學期課程安排可能有差異，但我個人經驗是課堂上寫學習單，還有期中小組書面跟期末小組上台簡報
 B2 好像今晚可以(?)
 B3 應該是三學分，假日時間可能用到，但不會是每周，個人經驗是一學期兩次（去大溪跟新屋見學），老師會提早講時間，如果真的卡到系上在假日加課或考試，也可以請個假（沒參加也有點可惜就是了XD）
 B4 良心建議是不用選梁元棟，浪費生命。蘇就看人，有些人喜歡有些人不喜歡，不過我個人在中原唯二推的通識就是何彩滿跟蘇友瑞，會讓你突破舊有的生命經驗。",1.0,False,False,{},True,M,中原大學,,[],False,False,False,,False,False,5,,,False,,,False,,生物醫學工程學系
899dfe5b-afa6-4df7-867c-2b509c02efac,False,229574994,2018-09-05T07:42:23.144Z,2018-09-06T03:16:35.197Z,6,選梁元棟腦袋真的有洞,1.0,True,False,{},False,M,想不到卡稱,,[],False,False,False,,False,False,6,,,False,,,False,,oo.oo_wen
85e45710-75aa-4d74-87e5-c6df72970e10,True,229574994,2018-09-05T08:24:44.303Z,2018-09-05T08:24:44.303Z,7,"梁元棟老師真的很好……可以幫助你了解生活中的法律
也很多加分機會，拿到98很容易……
板上很多人罵他，但我修了他三堂也沒覺得怎樣
還是看個人對那堂課有沒有興趣",1.0,False,False,{},False,F,中原大學,,[],False,False,False,,False,False,7,,,False,,,False,,
e2333c29-f8f3-4382-ba91-fd595ddb8426,False,229574994,2018-09-06T02:44:28.134Z,2018-09-06T02:44:28.134Z,8,好想選課，但是學分滿了QQ,1.0,False,False,{},False,M,中原大學,,[],False,False,False,,False,False,8,,,False,,,False,,會計學系
238d4c7e-88b9-45d7-a5cf-4f0d12cc8c8c,True,229574994,2018-09-06T07:25:44.256Z,2018-09-06T07:25:44.256Z,9,"我也覺得梁老師的分數好拿啊，簡單就拿98
雖然大部分的人都不推，可是只要不要太混都可以穩穩拿分又可學到東西，想拿98真的很簡單，真的單純看你有沒有認真想學東西而已",0.0,False,False,{},False,F,中原大學,,[],False,False,False,,False,False,9,,,False,,,False,,
cc57e0bc-2871-4a37-87b9-0eb73d366fa0,False,229574994,2018-09-07T01:43:52.636Z,2018-09-07T01:43:52.636Z,10,"何彩滿老師的課一定推
很有內涵的老師",1.0,False,False,{},False,M,中原大學,,[],False,False,False,,False,False,10,,,False,,,False,,電子工程學系
0c9eca0a-e903-4f7d-9291-fb021c419b87,True,229574994,2018-09-13T12:00:58.407Z,2018-09-13T12:00:58.407Z,11,所以週四都不會有課嗎,0.0,False,False,{},False,M,中原大學,,[],False,False,False,,False,False,11,,,False,,,False,,
dace973f-7439-4e51-af61-18ff26c49b37,True,229569892,2018-09-04T07:21:06.675Z,2018-09-04T07:21:06.675Z,1,可以拍斜照片嗎？,1.0,False,False,{},False,M,中原大學,,[],False,False,False,,False,False,1,,,False,,,False,,
4f5b0d2d-5ebe-4a68-8096-e0512ea81f9d,False,229569892,2018-09-04T10:40:44.194Z,2018-09-04T10:40:44.194Z,2,"如果你認真想學韓文，姜可能沒辦法給你想要的
他就是涼課，上課涼考試也涼",0.0,False,False,{},False,F,中原大學,,[],False,False,False,,False,False,2,,,False,,,False,,應用華語文學系
fb637cf2-9a51-4c8d-a3f8-39a03552f431,True,229569892,2018-09-04T12:50:39.890Z,2018-09-04T12:50:39.890Z,3,"如果是認真想學真的不推姜喲
他就是拿學分的課而已～",1.0,False,False,{},False,F,中原大學,,[],False,False,False,,False,False,3,,,False,,,False,,
7b4cecab-9ea1-45c2-9efd-3d1b4bdfe28d,False,229569892,2018-09-04T16:30:18.859Z,2018-09-04T16:30:18.859Z,4,金秀真老師很可愛而且很認真上課唷，但是他的課（在我們系開的）都只有最基礎四十音而已唷,2.0,False,False,{},False,M,中原大學,,[],False,False,False,,False,False,4,,,False,,,False,,應用外國語文學系
2e225412-66bb-428e-b3cc-25cfe9fb48d3,True,229569892,2018-09-04T17:35:29.449Z,2018-10-01T08:10:55.563Z,5,,,False,True,{},False,,,,[],False,True,False,,False,False,5,,,False,,,False,,
a0a9ea1a-e5ed-43d5-a687-fe9842fad71c,True,229569892,2018-09-05T15:56:34.828Z,2018-09-05T15:56:34.828Z,6,大一第二外語是姜的課😅,1.0,False,False,{},False,F,中原大學,,[],False,False,False,,False,False,6,,,False,,,False,,
f494c3ba-6ae5-4e65-baf5-42a410aab0c3,False,229569892,2018-09-05T17:45:22.195Z,2018-09-05T17:45:22.195Z,7,"姜老師就是上課進度很慢
然後會看電影 考試可以補考 考卷一模一樣
還會辦烤肉
金老師的課就是很基礎
姐姐我這個課躺著過全班第一
（如果你有一點基礎是很好賺學分的）
但是之前上課的時間不好所以有些人不選",0.0,False,False,{},False,F,中原大學,,[],False,False,False,,False,False,7,,,False,,,False,,應用外國語文學系
274c6700-d2d4-4ca3-8853-8e8a179ea73f,False,229569892,2018-09-05T18:24:39.141Z,2018-09-05T18:25:20.943Z,8,"姜的課

考試大多都是需要死背課文的
（單字的確是死背沒話說）
但是課文都是韓翻中 中翻韓那種
考試前背完馬上就忘
而且一次考三課...完全背不完

老師上課多半都在帶唸
比較少在講解文法
（沒辦法他是母語者 教法比較不適合所有人）
想學到紮實的程度真的不推姜
雖然他人真的很好😭",0.0,False,False,{},False,F,中原大學,,[],False,False,False,,False,False,8,,,False,,,False,,應用華語文學系
b38d4b5a-83c1-4d5f-9619-679d025196b1,False,229569892,2019-02-21T06:59:51.387Z,2019-02-21T06:59:51.387Z,9,金秀真老師很可愛，學完大概就是你看著字會知道怎麼念,0.0,False,False,{},False,F,中原大學,,[],False,False,False,,False,False,9,,,False,,,False,,國際經營與貿易學系
869035da-2b4b-488e-b241-47b7181dfd73,True,226973262,2017-08-10T10:35:30.742Z,2017-08-10T10:35:30.742Z,1,"老師人好
期中期末會有街頭活動
內容會用幾堂課的時間討論
活動結束交心得 我自己大約打了一張A4吧
討論10% 心得10% 還有某個10%(有點忘了)
蠻好過的而且又好玩
可以知道很多街頭表演的形式
但是要期待班上踴躍討論
不然很難去帶動 老師很認真
有什麼想問的可以再問我

我心得期中忘記交 直接少10%
等於我最高只能90
最後91分過(我有另外加3分)",4.0,False,False,{},False,M,中原大學,,[],False,False,False,,False,False,1,,,False,,,False,,
82fad5e3-67a0-4e54-9ffb-d31371884a38,True,226973262,2017-08-10T11:49:07.226Z,2017-08-10T11:49:07.226Z,2,B1 如果害羞的話怎麼辦,0.0,False,False,{},False,M,中原大學,,[],False,False,False,,False,False,2,,,False,,,False,,
b2784b5f-5d8a-4dd9-b47b-eb18c37eb0ea,True,226973262,2017-08-10T12:28:34.456Z,2017-08-10T12:28:34.456Z,3,魏立心老師的課大推,0.0,False,False,{},False,F,元智大學,,[],False,False,False,,False,False,3,,,False,,,False,,
5f169294-26c1-48b3-9a68-e563cb940888,True,226973262,2017-08-10T13:25:44.086Z,2017-08-10T13:25:44.086Z,4,"老師人很好
上課會用PPT介紹
然後用小活動暖身
每堂課幾乎都會帶活動分組上台表演
也不用擔心害羞什麼的
這堂不需要有壓力
評分印象是
平時15%上課心得25%(5篇)期中期末各30%
期中期末都會有突襲表演
表演是很特別的體驗
事先是由全班一起構思一起討論
期中期末的30%細分
記得是討論/表演/心得各佔10%
基本你有去有點名有參與表演
老師不會刁難你的。9X過～",1.0,False,False,{},False,F,中原大學,,[],False,False,False,,False,False,4,,,False,,,False,,
eaa5d438-12e8-4856-85d8-6e10ea6791eb,True,226973262,2017-08-10T14:23:22.620Z,2017-08-10T14:23:22.620Z,5,老師人很好也非常可愛，課程內容很有趣雖然我不是修這堂但老師還有門生態藝術的課也很推😊,0.0,False,False,{},False,F,國立交通大學,,[],False,False,False,,False,False,5,,,False,,,False,,
298736e8-247f-47eb-90ca-6139b673bae8,True,226973262,2017-08-10T15:03:17.110Z,2017-08-10T15:03:17.110Z,6,"魏立心老師的課不錯，很推
人很好，給分也不錯甜
上課也滿好玩的",0.0,False,False,{},False,M,中原大學,,[],False,False,False,,False,False,6,,,False,,,False,,
9d6fe2c9-5f41-4128-a424-8a90185648e1,True,226973262,2017-08-10T23:43:10.735Z,2017-08-10T23:43:10.735Z,7,好老師，課堂互動多，不過中原學生太害羞,1.0,False,False,{},False,M,中原大學,,[],False,False,False,,False,False,7,,,False,,,False,,
1a9c6a6a-1bf2-4234-8e58-f5f8de7bb41f,False,226973262,2017-08-11T04:25:56.463Z,2017-08-11T04:25:56.463Z,8,推一下阿，多踴躍發表意見，上課會很有趣,0.0,False,False,{},False,M,中原大學,,[],False,False,False,,False,False,8,,,False,,,False,,會計學系
0a43f89e-5ef6-457b-9a2a-644ce0c0b765,False,226973262,2017-08-11T16:17:02.656Z,2018-12-18T14:03:13.753Z,9,選到英文的也是一樣嗎？😆,0.0,False,False,{},False,F,中原大學,,[],False,False,False,,False,False,9,,,False,,,False,,財務金融學系
00f6eb9a-2a1f-4017-be8d-6e788c5a7f7f,True,226973262,2018-08-07T10:06:42.855Z,2018-08-07T10:06:42.855Z,10,分組怎麼分,0.0,False,False,{},False,M,中原大學,,[],False,False,False,,False,False,10,,,False,,,False,,
df166e0f-d91f-437a-95ab-62070d531aba,True,226973262,2018-11-03T03:28:45.669Z,2018-11-03T03:28:45.669Z,11,"B1 請問有什麼可以加分的方式呢⋯⋯
期初有個心得沒注意繳交期限無法補交直接少了10分一直很悶😣",0.0,False,False,{},False,F,中原大學,,[],False,False,False,,False,False,11,,,False,,,False,,
bc92d807-d7ff-4087-9bed-0d51246e4ea1,True,226972521,2017-08-10T19:07:38.212Z,2017-08-10T19:07:38.212Z,1,"賴老師本人很好
她好像第一次開人哲
被她教過工數
出的題目都是超基礎題
連工數都好過了
我相信人哲肯定躺過",0.0,False,False,{},False,M,中原大學,,[],False,False,False,,False,False,1,,,False,,,False,,
88246de7-67ab-4597-b8c1-1dc7f3d75386,True,226972521,2017-08-11T07:26:38.411Z,2017-08-11T07:26:38.411Z,2,B1 謝謝你～～,0.0,False,False,{},True,F,中原大學,,[],False,False,False,,False,False,2,,,False,,,False,,
b01bd167-9bbc-4b03-be6a-93a4a642e2a8,True,226972151,2017-08-10T05:41:52.162Z,2017-08-10T17:11:43.911Z,1,一定死哦 建議從大一開始修,11.0,False,False,{},False,M,中原大學,,[],False,False,False,,False,False,1,,,False,,,False,,
272efc04-74af-4378-b8a9-c630220f5ab2,False,226972151,2017-08-10T05:55:43.290Z,2017-08-10T05:55:43.290Z,2,我真的不知道系上有什麼資源XD,0.0,False,False,{},False,F,中原大學,,[],False,False,False,,False,False,2,,,False,,,False,,資訊工程學系
42bd00b3-b7ec-406a-b7ba-fbd2b43b2301,True,226972151,2017-08-10T05:59:18.942Z,2017-08-10T05:59:18.942Z,3,"B1  😖 那我要降轉惹，演算法看起來好複雜~~
B2 例如有沒有3D列印機或是很神奇的設備，資源的話就是有沒有管道可以踏入職場、直接到老師公司這種",2.0,False,False,{},True,M,輔仁大學,,[],False,False,False,,False,False,3,,,False,,,False,,
24c5167c-6e8f-4a14-8892-5c0017f030e9,False,226972151,2017-08-10T06:05:03.262Z,2017-08-10T06:05:03.262Z,4,"電子電機物理系也3D列印喇
資工我不知道🤔",0.0,False,False,{},False,M,中原大學,,[],False,False,False,,False,False,4,,,False,,,False,,電子工程學系
eac3e140-d671-4676-93eb-1737c3d23d72,True,226972151,2017-08-10T07:13:21.862Z,2017-08-10T07:13:21.862Z,5,其實醫工 機械也有3D 列印,0.0,False,False,{},False,M,國立中興大學,,[],False,False,False,,False,False,5,,,False,,,False,,
14fa0de6-c6b0-4d27-a059-ffed28599901,False,226972151,2017-08-10T07:25:57.942Z,2017-08-11T13:56:30.750Z,6,資工有喔 只是大一點才玩得到,0.0,False,False,{},False,M,中原大學,,[],False,False,False,,False,False,6,,,False,,,False,,資訊工程學系
223f996d-2a9f-493c-8490-f8693615e154,False,226972151,2017-08-10T10:40:40.135Z,2017-08-10T10:40:40.135Z,7,"要有一顆新鮮的 肝

-190",4.0,False,False,{},False,M,中原大學,,[],False,False,False,,False,False,7,,,False,,,False,,資訊工程學系
008610d5-07c7-4285-a756-914f3ed6cfc0,False,226972151,2017-08-10T12:11:16.318Z,2017-08-11T04:30:46.185Z,8,"3D列印機 樹莓派 VR眼鏡 mbot機器人
各種平板 
資管系有，不過有這些有什麼用嗎🤔",0.0,False,False,{},False,F,中原大學,,[],False,False,False,,False,False,8,,,False,,,False,,資訊管理學系
a2d0b9b4-b959-4865-9a7f-751708d33d28,False,226972151,2017-08-10T12:48:35.639Z,2017-08-10T12:48:35.639Z,9,B8 妳沒在用吧 邊緣人哦,2.0,False,False,{},False,F,中原大學,,[],False,False,False,,False,False,9,,,False,,,False,,資訊管理學系
d2630d31-6c7f-45c8-8ff6-eceff0a53d80,False,226972151,2017-08-10T16:22:23.362Z,2017-08-10T16:22:41.143Z,10,"B8 老實說是你不會用 
光樹莓派就能玩太多東西了",0.0,False,False,{},False,M,中原大學,,[],False,False,False,,False,False,10,,,False,,,False,,資訊工程學系
eb243f05-7022-4831-8e65-d28193582cba,False,226972151,2017-08-10T16:46:31.096Z,2017-08-10T16:46:31.096Z,11,拜託有基礎再往上修 不然你會死很慘以外 你怕呢也會很難過,0.0,False,False,{},False,F,國立臺灣大學,,[],False,False,False,,False,False,11,,,False,,,False,,工程科學及海洋工程學系
11c14550-24c8-4d2a-a7e5-04c63cc9ae6b,False,226972151,2017-08-10T17:46:45.798Z,2017-08-10T17:46:45.798Z,12,"B9 
B10 
嗨我是 B8
不好意思，因為想說這篇主題是轉職資工所以就不想喧賓奪主，好像資管的資源多猛一樣。
我自己的專題也有用到上述的資源，sosorry的課也是上好上滿，感恩。",0.0,False,False,{},False,F,中原大學,,[],False,False,False,,False,False,12,,,False,,,False,,資訊管理學系
9b48f8b4-4a9c-4905-83d5-4111f15d3069,False,226972151,2017-08-10T18:15:42.537Z,2017-08-10T18:19:37.269Z,13,B12 很矛盾 上好上滿 然後說沒什麼用,0.0,False,False,{},False,M,中原大學,,[],False,False,False,,False,False,13,,,False,,,False,,資訊工程學系
d3abf8ab-36ab-440a-8e50-805692ebc30f,False,226972151,2017-08-10T18:17:22.431Z,2017-08-10T18:17:51.680Z,14,"B12 呃…妳上面說  
“資管系有，不過有這些有什麼用嗎”
現在說自己專題有用，sosorry老師的課也有上好上滿！所以妳覺得這些東西沒用嗎？如果系上沒這些資源妳可以做專題？如果系上沒有和業師合作購入器材妳可以上課？
妳是在打臉自己嗎？

先不說妳喧賓奪主，單看 B8 回應讓我覺得，系上資源妳不使用，卻還說有什麼用？不珍惜，然後 B12 卻說自己都有用，那妳有什麼資格說系上有這些有什麼用？

雖然不知道妳的心態是什麼，但真讓人傻眼。",0.0,False,False,{},False,F,中原大學,,[],False,False,False,,False,False,14,,,False,,,False,,資訊管理學系
2b83b62d-fbaf-4f05-ac76-07f68ab9057c,True,226972151,2017-08-10T23:32:25.052Z,2017-08-10T23:32:25.052Z,15,資工系要3d列印幹嘛,0.0,False,False,{},False,M,中原大學,,[],False,False,False,,False,False,15,,,False,,,False,,
940504a4-eaf2-4641-8af9-295afed21df7,False,226972151,2017-08-11T01:34:29.505Z,2017-08-11T01:34:29.505Z,16,b15 印初音,1.0,False,False,{},False,M,中原大學,,[],False,False,False,,False,False,16,,,False,,,False,,資訊工程學系
4440f995-c84d-40c1-8801-e9b0df9d5dcd,True,226972151,2017-08-11T02:17:58.785Z,2017-08-11T02:17:58.785Z,17,"我也是跟資工相關
但是必修選不到……",0.0,False,False,{},False,F,中原大學,,[],False,False,False,,False,False,17,,,False,,,False,,
2f72a96b-97da-4105-a0f6-0a9081e222bf,False,226972151,2017-08-11T03:00:43.472Z,2017-08-11T03:00:43.472Z,18,"沒有基礎就好好從大一的課開始修計概
不然你會很慘",0.0,False,False,{},False,F,中原大學,,[],False,False,False,,False,False,18,,,False,,,False,,資訊工程學系
e152c400-aa15-41a2-b1b3-d588c8334397,True,226972151,2017-08-11T11:26:46.101Z,2017-08-27T12:02:26.555Z,19,"我原本是資工，如果你完全沒基礎建議從一年級開始(c++ )。
演算法也是c(所以建議先摸過不然會死) 物件導向是用java
by轉資管的孩子",0.0,False,False,{},False,M,中原大學,,[],False,False,False,,False,False,19,,,False,,,False,,
b3d3a0d5-6c28-4bfe-a813-0971865886fa,True,226971588,2017-08-10T03:54:34.601Z,2017-08-10T03:56:14.070Z,1,"剛開始大部分都是兩人練習 
之後會給時間自由打球

但我是修還不到學期一半
老師就走了跑去帶隊
所以如果是想從老師哪裡挖東西的
心臟要大一點 因為他隨時可能就不在了",1.0,False,False,{},False,M,中原大學,,[],False,False,False,,False,False,1,,,False,,,False,,
5a164032-50ab-4759-93ec-ff53f29b4e86,False,226971588,2017-08-10T04:30:29.004Z,2017-08-10T04:30:29.004Z,2,整學期都代課老師😭😭,1.0,False,False,{},False,M,中原大學,,[],False,False,False,,False,False,2,,,False,,,False,,化學工程學系
ec89a334-60f0-445d-9cfb-95c87a6817e6,True,226971588,2017-08-10T05:18:58.542Z,2017-08-10T05:19:27.777Z,3,"我修的時候老師帶隊就停課
然後考試是考對牆壁低手
跑步的話會放水

佛",1.0,False,False,{},False,M,中原大學,,[],False,False,False,,False,False,3,,,False,,,False,,
78cc9c7e-1669-47ba-b81f-03200fe34b0e,True,226971588,2017-08-10T05:32:04.925Z,2017-08-10T05:32:04.925Z,4,"考試嘛，我當初是考對牆跟發球，評分有點忘了，對牆好像40顆滿分，發球5顆都進指定方向滿分，跑步就不知道啦，學校標準是8分內啦~跑步我沒困擾就不太了解

老師是教練所以常常會不在，選的時候要有心裡準備是代課老師上
有什麼想請教的記得把握機會

play的話排二好像才有
排一都是練到下課
考對牆跟發球所以不用分組
給你參考囉~",1.0,False,False,{},False,M,中原大學,,[],False,False,False,,False,False,4,,,False,,,False,,
a91ba99a-9add-400b-9d85-4d5c94661c00,True,226971588,2017-08-10T07:32:29.554Z,2017-08-10T07:32:29.554Z,5,克舟棒,1.0,False,False,{},False,M,中原大學,,[],False,False,False,,False,False,5,,,False,,,False,,
693e9eb9-83bb-4ddc-9434-bf1e741c8456,True,226971588,2017-08-10T12:43:46.462Z,2017-08-10T12:43:46.462Z,6,謝謝各位喔~~ 唉希望老師不要常出公差QQ,0.0,False,False,{},True,M,中原大學,,[],False,False,False,,False,False,6,,,False,,,False,,
f3a057e3-4ea9-4be6-a46c-f91e194f344d,True,226971588,2017-08-10T12:47:42.352Z,2017-08-10T12:47:58.028Z,7,克舟超忙,1.0,False,False,{},False,F,中原大學,,[],False,False,False,,False,False,7,,,False,,,False,,
9ce7f4c1-962c-44d3-86a6-0f686fb7dee4,False,226971588,2017-08-10T19:48:02.878Z,2017-08-10T19:48:02.878Z,8,我只去期末跟點名週 都過,1.0,False,False,{},False,M,國立中央大學,,[],False,False,False,,False,False,8,,,False,,,False,,光電科學與工程學系
a45be8c3-ff95-44ac-a7bd-d53e856e97ba,False,226971588,2017-08-10T19:52:32.252Z,2017-08-10T19:52:32.252Z,9,舟哥是國家隊教練常請公假，基本上就是佛一般的存在,1.0,False,False,{},False,M,中原大學,,[],False,False,False,,False,False,9,,,False,,,False,,工業與系统工程學系
59bccf9f-9321-41b1-b1d4-f16348e7bd75,True,226971588,2017-08-10T19:56:20.600Z,2017-08-10T19:56:20.600Z,10,現在沒帶國家隊了,1.0,False,False,{},False,M,中原大學,,[],False,False,False,,False,False,10,,,False,,,False,,
60fa1be1-1024-4f79-82dd-651c30dae7c1,True,226970103,2017-08-09T18:20:17.484Z,2017-08-12T15:19:20.145Z,1,中原第一涼 涼元棟,36.0,False,False,{},False,F,中原大學,,[],False,False,False,,False,False,1,,,False,,,False,,
bde6ed5b-ffed-48cb-9bce-7f519ea55825,True,226970103,2017-08-09T18:24:25.262Z,2017-08-09T18:24:25.262Z,2,中原唯一棟樑-梁元棟,11.0,False,False,{},False,M,中原大學,,[],False,False,False,,False,False,2,,,False,,,False,,
dd5accf0-410c-4534-8e4c-297fb881f2fb,True,226970103,2017-08-09T18:31:35.420Z,2017-08-09T18:31:35.420Z,3,中原必修爽課---梁元棟,12.0,False,False,{},False,F,國立臺灣師範大學,,[],False,False,False,,False,False,3,,,False,,,False,,
089b6774-ee09-4e89-a0e8-b78ecd4568a1,True,226970103,2017-08-09T18:48:22.598Z,2017-08-09T18:48:22.598Z,4,"中原最棒老師-蘇XX
不打出來 免得大家都搶他的課
我就修不到了",19.0,False,False,{},False,M,中原大學,,[],False,False,False,,False,False,4,,,False,,,False,,
d0b998a0-5169-49a6-b6e8-c55e297f05d0,True,226970103,2017-08-09T18:48:52.282Z,2017-08-09T18:48:52.282Z,5,"樓上幾樓別鬧了
這樣告訴學弟妹
我們怎麼選課啊",12.0,False,False,{},False,M,中原大學,,[],False,False,False,,False,False,5,,,False,,,False,,
c9c5b86b-407f-4317-9d54-a974a474e692,True,226970103,2017-08-09T18:52:27.763Z,2017-08-09T18:52:27.763Z,6,B5 爽課就是要讓給學弟妹阿ㄏㄏ,6.0,False,False,{},False,F,中原大學,,[],False,False,False,,False,False,6,,,False,,,False,,
137fbc0b-cc10-4269-8584-91f009e85a98,True,226970103,2017-08-09T19:33:09.002Z,2017-08-09T19:33:09.002Z,7,英文選克榮倫就對了,8.0,False,False,{},False,M,中原大學,,[],False,False,False,,False,False,7,,,False,,,False,,
352bc5e6-e0b5-4982-86d8-65329ffa6521,True,226970103,2017-08-09T20:53:18.282Z,2017-08-11T00:32:39.156Z,8,這篇害人不淺,0.0,False,False,{},False,M,中原大學,,[],False,False,False,,False,False,8,,,False,,,False,,
f4c672b8-7d54-4d60-871c-700f2a511300,True,226970103,2017-08-09T22:51:38.664Z,2017-08-09T22:51:38.664Z,9,有內鬼，終止交易,6.0,False,False,{},False,M,中原大學,,[],False,False,False,,False,False,9,,,False,,,False,,
1adbd67d-c840-4362-8b60-6f1b8bc65d48,True,226970103,2017-08-10T01:54:15.071Z,2017-08-10T01:54:15.071Z,10,"以上都是有名的爛課
真心不篇",0.0,False,False,{},False,M,國立成功大學,,[],False,False,False,,False,False,10,,,False,,,False,,
9b149fa8-24c3-44eb-af36-c9c1e08544f7,True,226970103,2017-08-10T02:22:11.777Z,2017-08-10T02:22:58.842Z,11,"推 b7
他會讓你從頭專注到尾
一份履歷也讓你積極修改",0.0,False,False,{},False,F,中原大學,,[],False,False,False,,False,False,11,,,False,,,False,,
097a5d1f-dc21-4a6f-aece-c9499ae267fa,True,226970103,2017-08-10T03:04:55.320Z,2017-08-10T09:38:57.963Z,12,"最近看到很多新生問哪些雷課不要選
其實滿多的 就陳仲志啦 涂世雄這些老師都很硬 別選",81.0,False,False,{},False,M,國立清華大學,,[],False,False,False,,False,False,12,,,False,,,False,,
8b98dadf-feb4-47bf-87cb-43ed6c218a0d,False,226970103,2017-08-10T03:29:49.124Z,2017-08-10T03:29:49.124Z,13,不要跟我搶梁元棟的喔,3.0,False,False,{},False,M,輔仁大學,,[],False,False,False,,False,False,13,,,False,,,False,,資訊管理學系
7f13d8bf-c239-4bd2-97d9-419a01889b48,False,226970103,2017-08-10T03:59:04.273Z,2017-08-10T14:24:53.522Z,14,B12 我記得名字是動物牌的也都很硬 不好過,6.0,False,False,{},False,M,中原大學,,[],False,False,False,,False,False,14,,,False,,,False,,電機工程學系
5b698962-a043-43bb-ad4f-2dc82ee35695,True,226970103,2017-08-10T04:02:58.458Z,2017-08-10T04:02:58.458Z,15,"身為畢業學姐
看到這篇都笑了😂😂😂",2.0,False,False,{},False,F,中原大學,,[],False,False,False,,False,False,15,,,False,,,False,,
d78ac5de-57a6-4229-ac34-2555db930dfe,True,226970103,2017-08-10T04:09:02.589Z,2017-08-10T15:40:19.827Z,16,"沒想到中原真的是學風興盛的學校
讓我見識到了私校第一的學習風氣果然不同凡響
選課系統看下來學長姐的選課人數
各種硬的課程都是近千人在搶的
反而那種涼課乏人問津
還會因為選不到紮實的課程而發文大發怒氣
只想修涼課的我不由得暗自慚愧
真是枉然了私校第一的名號
未來我要向學長姐看齊才是！
對涼課嗤之以鼻 唯恐無法選到硬課",32.0,False,False,{},False,M,中原大學,,[],False,False,False,,False,False,16,,,False,,,False,,
fb08ffd4-a673-4263-9535-eb51a48b4f4d,True,226970103,2017-08-10T04:44:49.199Z,2017-08-10T04:44:49.199Z,17,"祝以上騙人的
選不到動物系列
及爽課",1.0,False,False,{},False,M,中原大學,,[],False,False,False,,False,False,17,,,False,,,False,,
a1a9e6c5-7913-4f27-bc1c-0f07561e0b2e,True,226970103,2017-08-10T05:10:50.896Z,2017-08-10T05:10:50.896Z,18,B17 我沒差 因為我被退學了,3.0,False,False,{},False,F,中原大學,,[],False,False,False,,False,False,18,,,False,,,False,,
ce44cf94-30a6-47ec-b7ed-3350e6f53ad0,True,226970103,2017-08-10T06:29:11.860Z,2017-08-10T06:29:11.860Z,19,B11 可是我90分過的欸,0.0,False,False,{},False,M,中原大學,,[],False,False,False,,False,False,19,,,False,,,False,,
9811835c-90ab-4e3a-829d-4d4dcd7053e2,True,226970103,2017-08-10T08:06:05.806Z,2017-08-10T08:06:26.968Z,20,"b19
我92
b11",0.0,False,False,{},False,F,中原大學,,[],False,False,False,,False,False,20,,,False,,,False,,
ef4050e4-d4a8-432d-82ea-cc5a19a70673,True,226970103,2017-08-10T09:34:59.134Z,2017-08-11T10:07:23.103Z,21,B20所以大家一定要選榮倫的課,0.0,False,False,{},False,M,中原大學,,[],False,False,False,,False,False,21,,,False,,,False,,
35fd322a-078a-416e-b759-7642f9ff95e1,False,226970103,2017-08-10T12:45:24.830Z,2017-08-10T12:45:24.830Z,22,當初修梁的法律課 期中考30而已以為會被當 聽人講超涼沒停修 還真的過了 大推,2.0,False,False,{},False,M,中原大學,,[],False,False,False,,False,False,22,,,False,,,False,,國際經營與貿易學系
c94426cc-3b7e-48f2-9b31-f2843f6d2961,True,226970103,2017-08-10T14:27:03.704Z,2017-08-10T14:27:20.852Z,23,"梁元棟人真的很好!
我期中考零分哦 期末竟然還有80幾欸超扯!
好老師推推!!",1.0,False,False,{},False,F,中原大學,,[],False,False,False,,False,False,23,,,False,,,False,,
59995d58-c913-42c5-83cf-727f6dcb6cfa,True,226970103,2017-08-10T15:22:24.325Z,2017-08-10T15:22:24.325Z,24,"梁老師的確好過
學期86分路過
好課必須推讚",0.0,False,False,{},False,M,國立中央大學,,[],False,False,False,,False,False,24,,,False,,,False,,
c3294f4e-5360-4739-bbd7-ef096deb4cbe,True,226970103,2017-08-10T17:34:56.271Z,2017-08-10T17:34:56.271Z,25,"蘇友瑞也是爽課 不私藏了

隱藏版爽課還不快選",0.0,False,False,{},False,M,中原大學,,[],False,False,False,,False,False,25,,,False,,,False,,
6a46a4f4-e8f3-48d1-8b98-82eb512e9bb0,False,226970103,2017-08-11T01:42:19.400Z,2017-08-11T01:42:19.400Z,26,這篇太中肯  根本新生選課指標阿,3.0,False,False,{},False,M,中原大學,,[],False,False,False,,False,False,26,,,False,,,False,,財經法律學系
217e3ca8-f6d3-4e13-bc25-001e0b6e2cdb,True,226970103,2017-08-11T01:50:13.995Z,2017-08-11T01:50:13.995Z,27,"B25 你這樣說出來...
身為b4的我感到生氣
要說出來也等他們開學最後階段結束再說阿
這樣我怎麼搶課",1.0,False,False,{},False,M,中原大學,,[],False,False,False,,False,False,27,,,False,,,False,,
7f62d6b3-265b-4bbd-8d04-c33bc84eeaad,False,226969165,2017-08-09T16:34:56.563Z,2017-08-10T16:40:47.350Z,1,"身為今年畢業校友的我
唯一支持蔣懷孝",7.0,False,False,{},False,M,中原大學,,[],False,False,False,,False,False,1,,,False,,,False,,企業管理學系
645f938a-38f4-449b-a492-15229dd1ef89,True,226969165,2017-08-09T17:18:45.967Z,2017-08-09T17:18:45.967Z,2,推 老師帥 分組比賽打完下課 考試有三人傳球跟個人的投籃 八百放水 老師常帶隊比賽常放假,11.0,False,False,{},False,F,中原大學,,[],False,False,False,,False,False,2,,,False,,,False,,
db59b788-f12c-484b-9f22-a2d73179ae0a,False,226969165,2017-08-10T00:04:20.462Z,2017-08-10T00:04:20.462Z,3,"唯一支持壘球課
要學期只打過兩次球
18週打兩次",0.0,False,False,{},False,M,中原大學,,[],False,False,False,,False,False,3,,,False,,,False,,會計學系
3a2ed4b7-5c4e-4716-b7a7-522339fd0b1b,True,226969165,2017-08-10T01:29:46.149Z,2017-08-10T01:29:46.149Z,4,想學東西真的不要去,1.0,False,False,{},False,M,中原大學,,[],False,False,False,,False,False,4,,,False,,,False,,
0759a967-4d96-44de-9e21-00771a169a52,True,226969165,2017-08-10T03:10:19.611Z,2017-08-10T03:10:19.611Z,5,推 B2 修到他的課 你真的很幸運,0.0,False,False,{},False,F,中原大學,,[],False,False,False,,False,False,5,,,False,,,False,,
e1c0dea0-a1fa-46c9-a67f-69d87ed99e40,False,226969165,2017-08-10T06:14:11.722Z,2017-08-10T15:04:30.170Z,6,我修過 老師蠻好的啊 就考籃下投籃跟三人八字還有八百,2.0,False,False,{},False,F,賓州州立大學,,[],False,False,False,,False,False,6,,,False,,,False,,法學院
59ad3d97-f414-4da1-86b0-07c38815f7cc,True,226969165,2017-08-10T06:29:50.428Z,2017-08-10T06:29:50.428Z,7,我也推蔣懷孝,0.0,False,False,{},False,M,中原大學,,[],False,False,False,,False,False,7,,,False,,,False,,
3992ad1d-5d89-48a1-8656-f8929191b017,True,226969165,2017-08-10T13:02:18.779Z,2017-08-10T13:02:18.779Z,8,"之前修他體育真的爽爽過
而且老師又帥又高",3.0,False,False,{},False,F,中原大學,,[],False,False,False,,False,False,8,,,False,,,False,,
74c28270-f2ae-4cf1-8638-520914c3c0e3,False,226969165,2017-08-10T15:05:16.061Z,2017-08-10T15:05:16.061Z,9,陳建廷打球啊！,1.0,False,False,{},False,M,中原大學,,[],False,False,False,,False,False,9,,,False,,,False,,電子工程學系
9bea43aa-dc7f-4176-89c9-12f275f38bde,True,226969165,2017-08-11T00:38:28.879Z,2017-08-11T00:38:28.879Z,10,每個體育不是都爽過嗎= =,0.0,False,False,{},False,M,國立清華大學,,[],False,False,False,,False,False,10,,,False,,,False,,
c3d2ec39-6bda-4d12-a43e-a0e398ae1a85,False,226969165,2017-08-11T06:36:52.545Z,2017-08-11T06:36:52.545Z,11,,,False,False,{},False,,,,[],False,True,False,,False,False,11,,,False,,,False,,
814ab2f2-57a9-4433-9595-df25bd0e95b5,True,226965826,2017-08-09T06:46:29.102Z,2017-08-09T06:46:29.102Z,1,超,1.0,False,False,{},False,M,中原大學,,[],False,False,False,,False,False,1,,,False,,,False,,
8b6e0fb0-c544-4b35-b696-023a7036fe03,True,226965826,2017-08-09T06:53:13.206Z,2017-08-09T06:53:13.206Z,2,爽,1.0,False,False,{},False,M,中原大學,,[],False,False,False,,False,False,2,,,False,,,False,,
36256eab-957f-470d-a9ef-b2ec9176954c,False,226965826,2017-08-09T06:53:40.162Z,2017-08-09T06:53:40.162Z,3,的,1.0,False,False,{},False,M,中原大學,,[],False,False,False,,False,False,3,,,False,,,False,,電機工程學系
ec60c2a6-f5b5-4355-98a5-ff2caed869e1,True,226965826,2017-08-09T06:54:08.538Z,2018-05-26T04:36:03.963Z,4,"老師帥 分數還不錯
但我還真覺得沒學到什麼",2.0,False,False,{},False,M,中原大學,,[],False,False,False,,False,False,4,,,False,,,False,,
5941cb2e-798b-427a-bd1d-103f75763186,False,226965826,2017-08-10T07:11:15.455Z,2017-08-10T07:11:15.455Z,5,真的好過 不唬 躺著也過,0.0,False,False,{},False,M,中原大學,,[],False,False,False,,False,False,5,,,False,,,False,,電子工程學系
607d22cd-1531-49e8-a5b2-aae581b37aac,True,226965826,2017-08-10T07:12:02.606Z,2017-08-10T07:12:02.606Z,6,重點是老師 人真的超帥 不看會虧,0.0,False,False,{},False,M,中原大學,,[],False,False,False,,False,False,6,,,False,,,False,,
2c40b665-1ab2-4d33-8bbf-6f41e6f07000,True,226965826,2017-08-10T09:11:52.185Z,2017-08-10T09:11:52.185Z,7,廢課,0.0,False,False,{},False,F,中原大學,,[],False,False,False,,False,False,7,,,False,,,False,,
2f7e81dc-0d6c-4a3c-ade8-ebde5410c36b,True,226965826,2019-12-20T16:41:34.502Z,2019-12-20T16:41:34.502Z,8,,,False,True,{},False,,,,[],False,True,False,,False,False,8,,,False,,,False,,
e1265ba9-1002-4407-8311-af15cb264017,True,226965826,2021-07-23T16:24:37.389Z,2021-07-23T16:24:37.389Z,9,"我覺得還不錯 有認真聽應該會學到東西
但不聽也不會怎樣
不點名
但會有小組報告
其中一次是到一些餐廳訪問
有點尬 因為都不認識
會有一次看電影寫心得
蠻簡單
90高分通過！！",0.0,False,False,{},False,F,中原大學,,[],False,False,False,,False,False,9,,,False,,,False,,
ae2493a3-0e2f-43cf-a7ad-919c73f1c5fb,False,226964929,2017-08-09T06:29:07.784Z,2017-08-09T06:29:07.784Z,1,"老師人很好 但不努力一樣GG
話說佑倫回來了喔owo",2.0,False,False,{},False,M,中原大學,,[],False,False,False,,False,False,1,,,False,,,False,,財務金融學系
d985aabe-b95e-40d8-b2e2-48a518b8738a,True,226964929,2017-08-09T08:39:37.466Z,2017-08-09T08:39:37.466Z,2,老師上的很好啊，建議好好學,0.0,False,False,{},False,M,中原大學,,[],False,False,False,,False,False,2,,,False,,,False,,
7351f2fd-e6de-41df-bd43-9827b1386afd,True,226964929,2017-08-09T18:13:14.339Z,2017-08-09T18:13:14.339Z,3,修楊啓均的,0.0,False,False,{},False,M,中原大學,,[],False,False,False,,False,False,3,,,False,,,False,,
9337a745-6065-49e4-8b0d-196093d23ad0,False,226964929,2017-08-10T03:50:29.044Z,2018-12-10T06:24:20.424Z,4,樓上 個經是楊啓鈞幫佑倫代課的 ^_^,0.0,False,False,{},False,M,中原大學,,[],False,False,False,,False,False,4,,,False,,,False,,財務金融學系
d6e3dfb4-8dfe-43af-9462-18d1f6ff9cc0,False,226964929,2017-08-10T10:59:53.680Z,2017-08-10T10:59:53.680Z,5,"推好老師 上課很用心
但考試不簡單！
課本題目還是要做熟",0.0,False,False,{},False,F,中原大學,,[],False,False,False,,False,False,5,,,False,,,False,,財務金融學系
1096a5f8-b29a-4e9c-baa7-2fc065b0dc46,True,226964920,2017-08-09T03:49:51.512Z,2017-08-09T03:49:51.512Z,1,爽,1.0,False,False,{},False,M,中原大學,,[],False,False,False,,False,False,1,,,False,,,False,,
e1d57158-ad5d-4037-95be-28f9c091fe21,True,226964920,2017-08-09T05:35:00.685Z,2017-08-09T05:35:00.685Z,2,到,1.0,False,False,{},False,M,中原大學,,[],False,False,False,,False,False,2,,,False,,,False,,
78c810fd-3aad-4949-a749-4913d089380c,True,226964920,2017-08-09T06:30:49.798Z,2017-08-09T06:30:49.798Z,3,爆,1.0,False,False,{},False,F,中原大學,,[],False,False,False,,False,False,3,,,False,,,False,,
a9f95b7c-0ed8-4af6-9129-c6bb72887ae1,False,226964920,2017-08-09T07:01:46.063Z,2017-08-09T08:39:58.310Z,4,炸,1.0,False,False,{},False,M,中原大學,,[],False,False,False,,False,False,4,,,False,,,False,,財務金融學系
97e843fa-e9b2-4423-909d-6e59f8a46de1,True,226964920,2017-08-09T07:02:17.932Z,2017-08-09T07:02:17.932Z,5,，,0.0,False,False,{},False,M,中原大學,,[],False,False,False,,False,False,5,,,False,,,False,,
f6e861cf-e71e-4683-a86f-1918746c89c3,True,226964920,2017-08-09T08:41:14.154Z,2017-08-09T08:41:14.154Z,6,上課遲到半節，考試考題庫，期末隨便報告，分數隨便送，不一定聽的懂,0.0,False,False,{},False,M,中原大學,,[],False,False,False,,False,False,6,,,False,,,False,,
a3e1dc79-8f72-4303-9edd-b0a4aeb3b1fd,True,226964920,2017-08-09T12:54:04.149Z,2017-08-09T12:54:04.149Z,7,"聽說不會救人
但我被救了✌️️✌️️✌️️",0.0,False,False,{},False,F,中原大學,,[],False,False,False,,False,False,7,,,False,,,False,,
be47fb0e-96d5-4546-a9e5-303b4d97b0a3,False,226964920,2017-08-10T10:57:57.489Z,2017-08-10T10:57:57.489Z,8,"認真上課是學的到東西的
下課去問問題她也會很有耐心的教
考試課本題目做熟就對了
人很nice",0.0,False,False,{},False,F,中原大學,,[],False,False,False,,False,False,8,,,False,,,False,,財務金融學系
00068fe4-8f99-40c8-94b9-e5edd67b4101,True,226964920,2020-01-13T05:53:04.417Z,2020-01-13T05:53:04.417Z,9,B7 不好意思可以問你是多少被她救嗎🥺,0.0,False,False,{},False,F,中原大學,,[],False,False,False,,False,False,9,,,False,,,False,,
2f0cca82-1cb3-4e14-b66b-39d46e5004ef,True,226964920,2020-01-13T11:33:09.200Z,2020-01-13T11:33:09.200Z,10,B9 57,0.0,False,False,{},False,F,中原大學,,[],False,False,False,,False,False,10,,,False,,,False,,
742497a9-b223-449c-b43f-c28cafe03408,True,226964920,2020-01-13T16:45:02.139Z,2020-01-13T16:45:02.139Z,11,B10 謝謝你的答覆 因為我59分⋯不知道她會不會讓我過,0.0,False,False,{},False,F,中原大學,,[],False,False,False,,False,False,11,,,False,,,False,,
04c391e4-2b53-478e-8906-bbe74f6ebb24,True,226964920,2020-01-14T04:31:25.485Z,2020-01-14T04:31:25.485Z,12,B11 我沒有去求他，他自己救的,0.0,False,False,{},False,F,中原大學,,[],False,False,False,,False,False,12,,,False,,,False,,
e80b2e43-835b-4c9f-b1b8-14add8051e6c,True,226964715,2017-08-09T04:12:31.150Z,2017-08-09T04:14:11.401Z,1,"老師很認真，但是第一天就要選主題分組，
如果你有人陪你一起比較好，之後每次都會有討論，我覺得討論內容很有趣，很哲學，也會看很多很哲學的影片，最後都要和組員討論出一個結果，然後報告給老師。上課前都會簽到，分數就佔大多數。",0.0,False,False,{},False,M,中原大學,,[],False,False,False,,False,False,1,,,False,,,False,,
40c92e92-1156-478a-98d1-c46e862b9253,True,226964715,2017-08-10T11:21:28.014Z,2017-08-10T11:21:28.014Z,2,"我個人覺得算不錯呢，雖然之前在修的時候，不是修的那麼愉快 😶（主因：雷隊友
然後點名就是有點煩，因為下午三點教學八樓搭電梯等很久，自己爬樓梯也要時間，然後上一節課在商學，老師也不提早下課，就很趕... 但之後終於改了上課後10分鐘才點

上課方式，如b1所說，如果你覺得需要人陪（？）可能就需要找伴同組，我是覺得還好，然後上課就是看一些新聞或影片後，就小組一起討論，就拼湊出心得這樣~ 然後期中報告就是小組上台報告沒什麼好說還行

期末就是紙筆考試，選擇題比較學術一點，但申論都是平時上課有討論到的東西（我寫滿多的），所以還算容易，整體難度算還行，學期85過給參考

然後給個推薦點，延伸天類的課不要比較「傳教」一點的，我認為這堂滿適合的唷！",0.0,False,False,{},False,F,中原大學,,[],False,False,False,,False,False,2,,,False,,,False,,
